﻿url,listing_id,reference_code,title,property_type,state,district,subarea,location,address,lat,lng,price,price_currency,price_per_square_feet,updated_at_iso,posted_at_iso,published_at_iso,land_price_per_sf,land_price_unit,land_price_per_sf_computed,unit_type,title_type,furnishing,tenure,is_bumi_lot,land_title_type,bedroom,bathroom,built_up,size_unit,car_park,facilities,lister_type,lister_id,lister_name,license,lister_url,lister_image_url,phones,whatsapp,emails,agency_name,organisation_id,agency_type,agency_emails,listed_date,listed_time,scrape_datetime,agent_id,snapshot_path
https://www.iproperty.com.my/property/mont-kiara/arcoris-residences/ol-sale-200166046/,200166046,,"Arcoris Residences, Mont Kiara",Service Residence,Kuala Lumpur,Mont Kiara,Mont Kiara,"Mont Kiara, Mont Kiara, Kuala Lumpur","Jalan Kiara 4, 50480, Kuala Lumpur",,,1030000,MYR,1162.53,,2025-10-03,,,,,,Strata,Fully Furnished,Freehold,False,,,,886,SQUARE_FEET,1,,agent,922044,Lee Wei Hsien,,https://www.iproperty.com.my/property-agent/lee-wei-hsien-34525#Agent-RightSideProfile,,+60123672862,60123672862,,Kith and Kin Realty Sdn. Bhd.,,,,3 Oct 2025,,2025-10-03 13:06:36,,C:\Users\USER\OneDrive\Documents\pythondata\adview_iproperty_2025-10-03_13-06-27\adview_sale_residential_200166046.0.html.gz
https://www.iproperty.com.my/property/petaling-jaya/ol-sale-200299237/,200299237,,"SS 21, Damansara Utama, Petaling Jaya",2-storey Terraced House,Selangor,Petaling Jaya,Petaling Jaya,"Petaling Jaya, Petaling Jaya, Selangor","SS21 Damansara Utama Petaling Jaya, SS 21, Damansara Utama, 47400, Selangor",,,1100000,MYR,500.00,,2025-10-03,,,,,,Individual,Partially Furnished,Freehold,True,,,,2200,SQUARE_FEET,2,,agent,424065,Desmond Tan,,https://www.iproperty.com.my/property-agent/desmond-tan-14444#Agent-RightSideProfile,,+60124433711,60124433711,,Twincrest Properties,,,,3 Oct 2025,,2025-10-03 13:06:36,,C:\Users\USER\OneDrive\Documents\pythondata\adview_iproperty_2025-10-03_13-06-27\adview_sale_residential_200299237.0.html.gz
https://www.iproperty.com.my/new-property/property/semenyih/m-legasi/new-6933/,,,,Mah Sing Group Berhad,Selangor,Semenyih,Semenyih,"Semenyih, Semenyih, Selangor",,,,,,,,,,,,,,,,,,,,,,,,,,,,,,,,,,,,,,,,2025-10-03 13:06:36,,C:\Users\USER\OneDrive\Documents\pythondata\adview_iproperty_2025-10-03_13-06-27\adview_sale_residential_nan.html.gz
https://www.iproperty.com.my/property/rawang/illaria/sale-500123015/,500123015,,"Illaria, Bandar Gamuda Gardens, Rawang",2-storey Terraced House,Selangor,Rawang,Rawang,"Rawang, Rawang, Selangor","Jalan DM 2/3, Danau Mentari, Bandar Gamuda Gardens, 48050, Selangor",,,746000,MYR,394.50,,2025-10-03,,,,,,Strata,Unfurnished,Leasehold,True,,,,1891,SQUARE_FEET,2,,agent,828716,Daniel Yap,,https://www.iproperty.com.my/property-agent/daniel-yap-16476#Agent-RightSideProfile,,+60166688617,60166688617,,U PLUS REALTY SDN BHD,,,,3 Oct 2025,,2025-10-03 13:06:36,,C:\Users\USER\OneDrive\Documents\pythondata\adview_iproperty_2025-10-03_13-06-27\adview_sale_residential_500123015.0.html.gz
https://www.iproperty.com.my/property/setapak/the-reach-titiwangsa/sale-108559759/,108559759,,"The Reach @ Titiwangsa, Setapak",Condominium,Kuala Lumpur,Setapak,Setapak,"Setapak, Setapak, Kuala Lumpur","Jalan Tembaga Off Jalan Pahang, 53200, Kuala Lumpur",,,1000000,MYR,572.74,,2025-10-03,,,,,,Strata,Fully Furnished,Freehold,True,,,,1746,SQUARE_FEET,2,,agent,856094,Ms Sow,,https://www.iproperty.com.my/property-agent/ms-sow-28055#Agent-RightSideProfile,,+60184626282,60184626282,,KNIGHT WORLD REALTY (M) SDN BHD,,,,3 Oct 2025,,2025-10-03 13:06:36,,C:\Users\USER\OneDrive\Documents\pythondata\adview_iproperty_2025-10-03_13-06-27\adview_sale_residential_108559759.0.html.gz
https://www.iproperty.com.my/new-property/property/batu-maung/m-zenni/new-6932/,,,,Vienna View Development Sdn Bhd,Penang,Batu Maung,Batu Maung,"Batu Maung, Batu Maung, Penang",,,,,,,,,,,,,,,,,,,,,,,,,,,,,,,,,,,,,,,,2025-10-03 13:06:36,,C:\Users\USER\OneDrive\Documents\pythondata\adview_iproperty_2025-10-03_13-06-27\adview_sale_residential_nan.html.gz
https://www.iproperty.com.my/property/ipoh/sale-200383336/,200383336,,"Botani Lapangan Hartamas, Ipoh",2-storey Terraced House,Perak,Ipoh,Ipoh,"Ipoh, Ipoh, Perak","Botani Lapangan Hartamas, 31300, Perak",,,495000,MYR,321.43,,2025-10-03,,,,,,Individual,,Leasehold,True,,,,1540,SQUARE_FEET,,,agent,1078037,Seah,,https://www.iproperty.com.my/property-agent/seah-1078037#Agent-RightSideProfile,,+60165662012,60165662012,,Gather Properties Sdn Bhd (Perak),,,,3 Oct 2025,,2025-10-03 13:06:36,,C:\Users\USER\OneDrive\Documents\pythondata\adview_iproperty_2025-10-03_13-06-27\adview_sale_residential_200383336.0.html.gz
https://www.iproperty.com.my/property/tanjung-tokong/city-of-dreams/sale-102561406/,102561406,,"City of Dreams, Tanjung Tokong",Service Residence,Penang,Tanjung Tokong,Tanjung Tokong,"Tanjung Tokong, Tanjung Tokong, Penang","Lengkok Endau, Seri Tanjung Pinang,, 10470, Penang",,,1700000,MYR,1273.41,,2025-10-03,,,,,,Strata,Partially Furnished,Freehold,False,,,,1335,SQUARE_FEET,2,,agent,829902,Carine Low,,https://www.iproperty.com.my/property-agent/carine-low-16242#Agent-RightSideProfile,,+60124200993,60124200993,,INTEREALTOR SDN. BHD.,,,,3 Oct 2025,,2025-10-03 13:06:36,,C:\Users\USER\OneDrive\Documents\pythondata\adview_iproperty_2025-10-03_13-06-27\adview_sale_residential_102561406.0.html.gz
https://www.iproperty.com.my/property/kepong/ol-sale-200199968/,200199968,,"Laman Rimbunan, Kepong",2.5-storey Terraced House,Kuala Lumpur,Kepong,Kepong,"Kepong, Kepong, Kuala Lumpur","Laman Rimbunan, Fadason Villa, Taman Fadason, Fortune Park, Taman Megah, Sunway SPK Damansara, Laman Rimbunan, 52100, Kuala Lumpur",,,1350000,MYR,409.09,,2025-10-03,,,,,,Individual,Partially Furnished,Leasehold,True,,,,3300,SQUARE_FEET,,,agent,951633,Jasemin Chia,,https://www.iproperty.com.my/property-agent/jasemin-chia-6886#Agent-RightSideProfile,,+60169985606,60169985606,,The Roof Realty - Kuchai Lama,,,,3 Oct 2025,,2025-10-03 13:06:36,,C:\Users\USER\OneDrive\Documents\pythondata\adview_iproperty_2025-10-03_13-06-27\adview_sale_residential_200199968.0.html.gz
https://www.iproperty.com.my/property/kepong/mizumi-residences/ol-sale-107078466/,107078466,,"Mizumi Residences, Kepong",Condominium,Kuala Lumpur,Kepong,Kepong,"Kepong, Kepong, Kuala Lumpur","Jln Metro Perdana Barat, Tmn Usahawan Kepong, 52100, Kuala Lumpur",,,550000,MYR,590.13,,2025-10-03,,,,,,Strata,Partially Furnished,Leasehold,False,,,,932,SQUARE_FEET,2,,agent,874980,Mandy Liew,,https://www.iproperty.com.my/property-agent/mandy-liew-42640#Agent-RightSideProfile,,+60169163373,60169163373,,VPG Realty,,,,3 Oct 2025,,2025-10-03 13:06:36,,C:\Users\USER\OneDrive\Documents\pythondata\adview_iproperty_2025-10-03_13-06-27\adview_sale_residential_107078466.0.html.gz
https://www.iproperty.com.my/property/damansara-perdana/sale-102250668/,102250668,,"Forest Hill, Damansara Perdana",Bungalow House,Selangor,Damansara Perdana,Damansara Perdana,"Damansara Perdana, Damansara Perdana, Selangor","Jalan PJU 8/13, , Forest Hill, Selangor, Forest Hill, Selangor",,,3300000,MYR,619.72,,2025-10-03,,,,,,Individual,Unfurnished,Leasehold,False,,,,5325,SQUARE_FEET,2,,agent,1030543,Freddie Chan,,https://www.iproperty.com.my/property-agent/freddie-chan-32433#Agent-RightSideProfile,,+60123887638,60123887638,,Greenfield Properties - Kota Damansara,,,,3 Oct 2025,,2025-10-03 13:06:36,,C:\Users\USER\OneDrive\Documents\pythondata\adview_iproperty_2025-10-03_13-06-27\adview_sale_residential_102250668.0.html.gz
https://www.iproperty.com.my/new-property/property/nilai/pristine-premier/new-6779/,,,,THP Enstek Development Sdn Bhd,Negeri Sembilan,Nilai,Nilai,"Nilai, Nilai, Negeri Sembilan",,,,,,,,,,,,,,,,,,,,,,,,,,,,,,,,,,,,,,,,2025-10-03 13:06:36,,C:\Users\USER\OneDrive\Documents\pythondata\adview_iproperty_2025-10-03_13-06-27\adview_sale_residential_nan.html.gz
https://www.iproperty.com.my/property/bandar-sungai-long/sale-200383311/,200383311,,"SL6, Bandar Sungai Long, Bandar Sungai Long",2-storey Terraced House,Selangor,Bandar Sungai Long,Bandar Sungai Long,"Bandar Sungai Long, Bandar Sungai Long, Selangor","SL6, SL6, Bandar Sungai Long, 43000, Selangor",,,578000,MYR,321.11,,2025-10-03,,,,,,Individual,Fully Furnished,Freehold,False,,,,1800,SQUARE_FEET,2,,agent,840253,Shanny Tan,,https://www.iproperty.com.my/property-agent/shanny-tan-20933#Agent-RightSideProfile,,+60123775331,60123775331,,PROSPERA REALTY   [ E (3) 2137 ],,,,3 Oct 2025,,2025-10-03 13:06:36,,C:\Users\USER\OneDrive\Documents\pythondata\adview_iproperty_2025-10-03_13-06-27\adview_sale_residential_200383311.0.html.gz
https://www.iproperty.com.my/property/rawang/sale-107991516/,107991516,,"Gamuda Garden Rawang, Rawang",2-storey Terraced House,Selangor,Rawang,Rawang,"Rawang, Rawang, Selangor","Gamuda Garden Rawang, 48000, Selangor",,,659000,MYR,366.11,,2025-10-03,,,,,,Individual,Unfurnished,Freehold,False,,,,1800,SQUARE_FEET,2,,agent,828716,Daniel Yap,,https://www.iproperty.com.my/property-agent/daniel-yap-16476#Agent-RightSideProfile,,+60166688617,60166688617,,U PLUS REALTY SDN BHD,,,,3 Oct 2025,,2025-10-03 13:06:36,,C:\Users\USER\OneDrive\Documents\pythondata\adview_iproperty_2025-10-03_13-06-27\adview_sale_residential_107991516.0.html.gz
https://www.iproperty.com.my/property/ara-damansara/the-potpourri/sale-108445279/,108445279,,"The Potpourri, Ara Damansara",Service Residence,Selangor,Ara Damansara,Ara Damansara,"Ara Damansara, Ara Damansara, Selangor","Jalan Pju 1A/4, 47301, Selangor",,,1200000,MYR,806.45,,2025-10-03,,,,,,Individual,Fully Furnished,Leasehold,False,,,,1488,SQUARE_FEET,3,,agent,451599,Sand Yip,,https://www.iproperty.com.my/property-agent/sand-yip-14118#Agent-RightSideProfile,,+60163226770,60163226770,,Glow Estates Sdn Bhd,,,,3 Oct 2025,,2025-10-03 13:06:36,,C:\Users\USER\OneDrive\Documents\pythondata\adview_iproperty_2025-10-03_13-06-27\adview_sale_residential_108445279.0.html.gz
https://www.iproperty.com.my/property/rawang/sale-200067935/,200067935,,"Rawang Bandar Country Homes, Rawang",2-storey Terraced House,Selangor,Rawang,Rawang,"Rawang, Rawang, Selangor","Rawang Bandar Country Homes, 48000, Selangor",,,590000,MYR,327.78,,2025-10-03,,,,,,Strata,,Freehold,False,,,,1800,SQUARE_FEET,,,agent,828716,Daniel Yap,,https://www.iproperty.com.my/property-agent/daniel-yap-16476#Agent-RightSideProfile,,+60166688617,60166688617,,U PLUS REALTY SDN BHD,,,,3 Oct 2025,,2025-10-03 13:06:36,,C:\Users\USER\OneDrive\Documents\pythondata\adview_iproperty_2025-10-03_13-06-27\adview_sale_residential_200067935.0.html.gz
https://www.iproperty.com.my/property/bandar-menjalara/sale-200073915/,200073915,,Bandar Menjalara,2-storey Terraced House,Kuala Lumpur,Bandar Menjalara,Bandar Menjalara,"Bandar Menjalara, Bandar Menjalara, Kuala Lumpur","Bandar Menjalara , Taman Bukit Maluri , Kepong, 52200, Kuala Lumpur",,,1230000,MYR,559.09,,2025-10-03,,,,,,Individual,,Freehold,False,,,,2200,SQUARE_FEET,,,agent,852076,Edmond Loke,,https://www.iproperty.com.my/property-agent/edmond-loke-38004#Agent-RightSideProfile,,+60165286856,60165286856,,Tech Realtors Properties Sdn. Bhd.,,,,3 Oct 2025,,2025-10-03 13:06:36,,C:\Users\USER\OneDrive\Documents\pythondata\adview_iproperty_2025-10-03_13-06-27\adview_sale_residential_200073915.0.html.gz
https://www.iproperty.com.my/new-property/property/rawang/d-templer-hilltop-residences/new-6929/,,,,OCR Templer Sdn Bhd,Selangor,Rawang,Rawang,"Rawang, Rawang, Selangor",,,,,,,,,,,,,,,,,,,,,,,,,,,,,,,,,,,,,,,,2025-10-03 13:06:36,,C:\Users\USER\OneDrive\Documents\pythondata\adview_iproperty_2025-10-03_13-06-27\adview_sale_residential_nan.html.gz
https://www.iproperty.com.my/property/rawang/sale-200070139/,200070139,,"Templer Residence Anggun Rawang, Rawang",2-storey Terraced House,Selangor,Rawang,Rawang,"Rawang, Rawang, Selangor","Templer Residence Anggun Rawang, 48000, Selangor",,,700000,MYR,366.68,,2025-10-03,,,,,,Individual,Unfurnished,Freehold,False,,,,1909,SQUARE_FEET,4,,agent,828716,Daniel Yap,,https://www.iproperty.com.my/property-agent/daniel-yap-16476#Agent-RightSideProfile,,+60166688617,60166688617,,U PLUS REALTY SDN BHD,,,,3 Oct 2025,,2025-10-03 13:06:36,,C:\Users\USER\OneDrive\Documents\pythondata\adview_iproperty_2025-10-03_13-06-27\adview_sale_residential_200070139.0.html.gz
https://www.iproperty.com.my/property/kl-city-centre/hampshire-residences/sale-107036393/,107036393,,"Hampshire Residences, KLCC, KL City Centre",Condominium,Kuala Lumpur,KL City Centre,KL City Centre,"KL City Centre, KL City Centre, Kuala Lumpur","1 Persiaran Hampshire, KLCC, 50450, Kuala Lumpur",,,1000000,MYR,938.97,,2025-10-03,,,,,,Strata,Fully Furnished,Freehold,False,,,,1065,SQUARE_FEET,1,,agent,938955,Jacklyn Yap,,https://www.iproperty.com.my/property-agent/jacklyn-yap-1198#Agent-RightSideProfile,,+60193233106,60193233106,,Propnex Realty Sdn. Bhd.,,,,3 Oct 2025,,2025-10-03 13:06:36,,C:\Users\USER\OneDrive\Documents\pythondata\adview_iproperty_2025-10-03_13-06-27\adview_sale_residential_107036393.0.html.gz
https://www.iproperty.com.my/property/tropicana/aetas-damansara/sale-200363528/,200363528,,"Aetas Damansara, Tropicana",Condominium,Selangor,Tropicana,Tropicana,"Tropicana, Tropicana, Selangor","Persiaran Tropicana, 47410, Selangor",,,2750000,MYR,1069.21,,2025-10-03,,,,,,Strata,,Leasehold,True,,,,2572,SQUARE_FEET,2,,agent,2463287,Elaine Khoo,,https://www.iproperty.com.my/property-agent/elaine-khoo-2463287#Agent-RightSideProfile,,+60199389150,60199389150,,The Roof Realty Sdn. Bhd. - Klang,,,,3 Oct 2025,,2025-10-03 13:06:36,,C:\Users\USER\OneDrive\Documents\pythondata\adview_iproperty_2025-10-03_13-06-27\adview_sale_residential_200363528.0.html.gz
https://www.iproperty.com.my/property/cheras/sale-108547163/,108547163,,"Alam Damai, Cheras, Cheras",Bungalow House,Kuala Lumpur,Cheras,Cheras,"Cheras, Cheras, Kuala Lumpur","Alam Damai, Cheras, Alam Damai, Cheras, 56000, Kuala Lumpur",,,4000000,MYR,596.04,,2025-10-03,,,,,,Individual,Partially Furnished,Leasehold,False,,,,6711,SQUARE_FEET,,,agent,884769,Dyron Yong,,https://www.iproperty.com.my/property-agent/dyron-yong-33728#Agent-RightSideProfile,,+60129074345,60129074345,,Tech Real Estate - Cheras,,,,3 Oct 2025,,2025-10-03 13:06:36,,C:\Users\USER\OneDrive\Documents\pythondata\adview_iproperty_2025-10-03_13-06-27\adview_sale_residential_108547163.0.html.gz
https://www.iproperty.com.my/property/kl-city-centre/the-ritz-carlton-residences/sale-103439388/,103439388,,"The Ritz-Carlton Residences, KLCC, KL City Centre",Service Residence,Kuala Lumpur,KL City Centre,KL City Centre,"KL City Centre, KL City Centre, Kuala Lumpur","Jalan Sultan Ismail, KLCC, 50250, Kuala Lumpur",,,5300000,MYR,2474.32,,2025-10-03,,,,,,Strata,Partially Furnished,Freehold,False,,,,2142,SQUARE_FEET,3,,agent,1000240,SK Tiew,,https://www.iproperty.com.my/property-agent/sk-tiew-31011#Agent-RightSideProfile,,+60106643193,60106643193,,Private Advertiser,,,,3 Oct 2025,,2025-10-03 13:06:36,,C:\Users\USER\OneDrive\Documents\pythondata\adview_iproperty_2025-10-03_13-06-27\adview_sale_residential_103439388.0.html.gz
https://www.iproperty.com.my/property/damansara-heights/pavilion-damansara-heights/sale-103211511/,103211511,,"Pavilion Damansara Heights, Damansara Heights",Service Residence,Kuala Lumpur,Damansara Heights,Damansara Heights,"Damansara Heights, Damansara Heights, Kuala Lumpur","50490, Kuala Lumpur",,,2932000,MYR,2000.00,,2025-10-03,,,,,,Strata,Partially Furnished,Freehold,False,,,,1466,SQUARE_FEET,2,,agent,603615,Nicole How,,https://www.iproperty.com.my/property-agent/nicole-how-31653#Agent-RightSideProfile,,+60182602666,60182602666,,AN JU ESTATE AGENCY   [ E (3) 2139 ],,,,3 Oct 2025,,2025-10-03 13:06:36,,C:\Users\USER\OneDrive\Documents\pythondata\adview_iproperty_2025-10-03_13-06-27\adview_sale_residential_103211511.0.html.gz
https://www.iproperty.com.my/property/bukit-jalil/jrk-convena/rent-200371558/,200371558,,"JRK Convena, Bukit Jalil",Service Residence,Kuala Lumpur,Bukit Jalil,Bukit Jalil,"Bukit Jalil, Bukit Jalil, Kuala Lumpur","Jalan 9/155, 58200, Kuala Lumpur",,,2600,MYR,2.92,,2025-10-03,,,,,,Strata,Fully Furnished,Freehold,True,,,,890,SQUARE_FEET,2,,agent,1080963,Vincent Ong,,https://www.iproperty.com.my/property-agent/vincent-ong-1080963#Agent-RightSideProfile,,+60178814338,60178814338,,Gather Properties Sdn. Bhd.,,,,3 Oct 2025,,2025-10-03 13:06:37,,C:\Users\USER\OneDrive\Documents\pythondata\adview_iproperty_2025-10-03_13-06-27\adview_rent_residential_200371558.0.html.gz
https://www.iproperty.com.my/property/cheras/lavile-kuala-lumpur/cl-rent-200298521/,200298521,,"Lavile Kuala Lumpur, Cheras",Service Residence,Kuala Lumpur,Cheras,Cheras,"Cheras, Cheras, Kuala Lumpur","1 Jalan Jejaka 2, Maluri, 55100, Kuala Lumpur",,,3600,MYR,4.17,,2025-10-03,,,,,,Strata,Fully Furnished,Freehold,True,,,,864,SQUARE_FEET,,,agent,2149053,Wayne Yap,,https://www.iproperty.com.my/property-agent/wayne-yap-2149053#Agent-RightSideProfile,,+60162743150,60162743150,,Propnex Realty Sdn. Bhd.,,,,3 Oct 2025,,2025-10-03 13:06:37,,C:\Users\USER\OneDrive\Documents\pythondata\adview_iproperty_2025-10-03_13-06-27\adview_rent_residential_200298521.0.html.gz
https://www.iproperty.com.my/property/tanjung-tokong/city-of-dreams/ol-rent-105880235/,105880235,,"City of Dreams, Tanjung Tokong",Service Residence,Penang,Tanjung Tokong,Tanjung Tokong,"Tanjung Tokong, Tanjung Tokong, Penang","Lengkok Endau, Seri Tanjung Pinang,, 10470, Penang",,,5000,MYR,3.75,,2025-10-03,,,,,,Individual,Fully Furnished,Freehold,False,,,,1335,SQUARE_FEET,2,,agent,829902,Carine Low,,https://www.iproperty.com.my/property-agent/carine-low-16242#Agent-RightSideProfile,,+60124200993,60124200993,,INTEREALTOR SDN. BHD.,,,,3 Oct 2025,,2025-10-03 13:06:37,,C:\Users\USER\OneDrive\Documents\pythondata\adview_iproperty_2025-10-03_13-06-27\adview_rent_residential_105880235.0.html.gz
https://www.iproperty.com.my/property/cheras/lavile-kuala-lumpur/cl-rent-107930438/,107930438,,"Lavile Kuala Lumpur, Cheras",Service Residence,Kuala Lumpur,Cheras,Cheras,"Cheras, Cheras, Kuala Lumpur","1 Jalan Jejaka 2, Maluri, 55100, Kuala Lumpur",,,3500,MYR,4.05,,2025-10-03,,,,,,Strata,Fully Furnished,Freehold,True,,,,864,SQUARE_FEET,,,agent,2149053,Wayne Yap,,https://www.iproperty.com.my/property-agent/wayne-yap-2149053#Agent-RightSideProfile,,+60162743150,60162743150,,Propnex Realty Sdn. Bhd.,,,,3 Oct 2025,,2025-10-03 13:06:37,,C:\Users\USER\OneDrive\Documents\pythondata\adview_iproperty_2025-10-03_13-06-27\adview_rent_residential_107930438.0.html.gz
https://www.iproperty.com.my/property/puchong/sky-condominium-skyz-residence/rent-500015121/,500015121,,"Sky Condominium (Skyz Residence), BANDAR PUCHONG JAYA, Puchong",Condominium,Selangor,Puchong,Puchong,"Puchong, Puchong, Selangor","Persiaran Puchong Jaya Selatan, BANDAR PUCHONG JAYA, 47100, Selangor",,,3600,MYR,2.65,,2025-10-03,,,,,,Strata,Fully Furnished,Freehold,True,,,,1356,SQUARE_FEET,2,,agent,894138,Ben Yeong,,https://www.iproperty.com.my/property-agent/ben-yeong-42477#Agent-RightSideProfile,,+60128842366,60128842366,,CRYSTAL REALTORS SDN BHD,,,,3 Oct 2025,,2025-10-03 13:06:37,,C:\Users\USER\OneDrive\Documents\pythondata\adview_iproperty_2025-10-03_13-06-27\adview_rent_residential_500015121.0.html.gz
https://www.iproperty.com.my/property/desa-parkcity/rent-200368779/,200368779,,"Zenia Parkhomes, Desa Parkcity",3-storey Terraced House,Kuala Lumpur,Desa Parkcity,Desa Parkcity,"Desa Parkcity, Desa Parkcity, Kuala Lumpur","Zenia Parkhomes, 52200, Kuala Lumpur",,,13000,MYR,3.81,,2025-10-03,,,,,,Strata,Partially Furnished,Freehold,True,,,,3412,SQUARE_FEET,2,,agent,1107852,Jessie Kee,,https://www.iproperty.com.my/property-agent/jessie-kee-1107852#Agent-RightSideProfile,,+60186662277,60186662277,,RMX REALTY SDN BHD   [ E (1) 2144 ],,,,3 Oct 2025,,2025-10-03 13:06:37,,C:\Users\USER\OneDrive\Documents\pythondata\adview_iproperty_2025-10-03_13-06-27\adview_rent_residential_200368779.0.html.gz
https://www.iproperty.com.my/property/kl-city-centre/the-conlay/rent-500176252/,500176252,,"The Conlay, KLCC, KL City Centre",Service Residence,Kuala Lumpur,KL City Centre,KL City Centre,"KL City Centre, KL City Centre, Kuala Lumpur","29 Jalan Conlay, KLCC, 50450, Kuala Lumpur",,,6000,MYR,8.08,,2025-10-03,,,,,,Strata,Fully Furnished,Freehold,True,,,,743,SQUARE_FEET,,,agent,1981024,Suzanne Ooi,,https://www.iproperty.com.my/property-agent/suzanne-ooi-1981024#Agent-RightSideProfile,,+60126539222,60126539222,,Hprop Realty,,,,3 Oct 2025,,2025-10-03 13:06:37,,C:\Users\USER\OneDrive\Documents\pythondata\adview_iproperty_2025-10-03_13-06-27\adview_rent_residential_500176252.0.html.gz
https://www.iproperty.com.my/property/kota-damansara/dianthus-tropicana-gardens/rent-200209462/,200209462,,"Dianthus @ Tropicana Gardens, Kota Damansara",Service Residence,Selangor,Kota Damansara,Kota Damansara,"Kota Damansara, Kota Damansara, Selangor","Tropicana Gardens Persiaran Surian, 47410, Selangor",,,6500,MYR,4.64,,2025-10-03,,,,,,,Partially Furnished,,True,,,,1401,SQUARE_FEET,2,,agent,1106481,JASON CHONG,,https://www.iproperty.com.my/property-agent/jason-chong-1106481#Agent-RightSideProfile,,+60122212875,60122212875,,Glow Estates Sdn Bhd,,,,3 Oct 2025,,2025-10-03 13:06:37,,C:\Users\USER\OneDrive\Documents\pythondata\adview_iproperty_2025-10-03_13-06-27\adview_rent_residential_200209462.0.html.gz
https://www.iproperty.com.my/property/kl-city-centre/the-conlay/rent-500176225/,500176225,,"The Conlay, KLCC, KL City Centre",Service Residence,Kuala Lumpur,KL City Centre,KL City Centre,"KL City Centre, KL City Centre, Kuala Lumpur","29 Jalan Conlay, KLCC, 50450, Kuala Lumpur",,,7500,MYR,8.30,,2025-10-03,,,,,,Strata,Fully Furnished,Freehold,True,,,,904,SQUARE_FEET,,,agent,1981024,Suzanne Ooi,,https://www.iproperty.com.my/property-agent/suzanne-ooi-1981024#Agent-RightSideProfile,,+60126539222,60126539222,,Hprop Realty,,,,3 Oct 2025,,2025-10-03 13:06:37,,C:\Users\USER\OneDrive\Documents\pythondata\adview_iproperty_2025-10-03_13-06-27\adview_rent_residential_500176225.0.html.gz
https://www.iproperty.com.my/property/kampung-kerinchi-bangsar-south/laurel-residence/rent-200082162/,200082162,,"Laurel Residence, Kampung Kerinchi (Bangsar South)",Service Residence,Kuala Lumpur,Kampung Kerinchi (Bangsar South),Kampung Kerinchi (Bangsar South),"Kampung Kerinchi (Bangsar South), Kampung Kerinchi (Bangsar South), Kuala Lumpur","Jalan Pantai Permai, 59200, Kuala Lumpur",,,2500,MYR,5.05,,2025-10-03,,,,,,Strata,Partially Furnished,,True,,,,495,SQUARE_FEET,1,,agent,1220732,Sujatha M,,https://www.iproperty.com.my/property-agent/sujatha-m-1220732#Agent-RightSideProfile,,+60172328659,60172328659,,RIZURF REALTY,,,,3 Oct 2025,,2025-10-03 13:06:37,,C:\Users\USER\OneDrive\Documents\pythondata\adview_iproperty_2025-10-03_13-06-27\adview_rent_residential_200082162.0.html.gz
https://www.iproperty.com.my/property/kampung-kerinchi-bangsar-south/south-view/rent-106705361/,106705361,,"South View, Kampung Kerinchi (Bangsar South)",Service Residence,Kuala Lumpur,Kampung Kerinchi (Bangsar South),Kampung Kerinchi (Bangsar South),"Kampung Kerinchi (Bangsar South), Kampung Kerinchi (Bangsar South), Kuala Lumpur","2 Lorong Kerinchi Kiri, 51200, Kuala Lumpur",,,2800,MYR,3.40,,2025-10-03,,,,,,Strata,Fully Furnished,,True,,,,823,SQUARE_FEET,1,,agent,1220732,Sujatha M,,https://www.iproperty.com.my/property-agent/sujatha-m-1220732#Agent-RightSideProfile,,+60172328659,60172328659,,RIZURF REALTY,,,,3 Oct 2025,,2025-10-03 13:06:37,,C:\Users\USER\OneDrive\Documents\pythondata\adview_iproperty_2025-10-03_13-06-27\adview_rent_residential_106705361.0.html.gz
https://www.iproperty.com.my/property/kampung-kerinchi-bangsar-south/south-view/rent-200302222/,200302222,,"South View, Kampung Kerinchi (Bangsar South)",Service Residence,Kuala Lumpur,Kampung Kerinchi (Bangsar South),Kampung Kerinchi (Bangsar South),"Kampung Kerinchi (Bangsar South), Kampung Kerinchi (Bangsar South), Kuala Lumpur","2 Lorong Kerinchi Kiri, 51200, Kuala Lumpur",,,2500,MYR,3.86,,2025-10-03,,,,,,Strata,Fully Furnished,,True,,,,648,SQUARE_FEET,1,,agent,1220732,Sujatha M,,https://www.iproperty.com.my/property-agent/sujatha-m-1220732#Agent-RightSideProfile,,+60172328659,60172328659,,RIZURF REALTY,,,,3 Oct 2025,,2025-10-03 13:06:37,,C:\Users\USER\OneDrive\Documents\pythondata\adview_iproperty_2025-10-03_13-06-27\adview_rent_residential_200302222.0.html.gz
https://www.iproperty.com.my/property/kampung-kerinchi-bangsar-south/kl-gateway-residences/rent-200242962/,200242962,,"KL Gateway Residences, Kampung Kerinchi (Bangsar South)",Service Residence,Kuala Lumpur,Kampung Kerinchi (Bangsar South),Kampung Kerinchi (Bangsar South),"Kampung Kerinchi (Bangsar South), Kampung Kerinchi (Bangsar South), Kuala Lumpur","KL Gateaway Jalan Kerinchi Kiri, 59200, Kuala Lumpur",,,3000,MYR,3.43,,2025-10-03,,,,,,Strata,Fully Furnished,,True,,,,875,SQUARE_FEET,1,,agent,1220732,Sujatha M,,https://www.iproperty.com.my/property-agent/sujatha-m-1220732#Agent-RightSideProfile,,+60172328659,60172328659,,RIZURF REALTY,,,,3 Oct 2025,,2025-10-03 13:06:37,,C:\Users\USER\OneDrive\Documents\pythondata\adview_iproperty_2025-10-03_13-06-27\adview_rent_residential_200242962.0.html.gz
https://www.iproperty.com.my/property/segambut/savvy-riana-dutamas/rent-108182284/,108182284,,"Savvy @ Riana Dutamas, Segambut",Service Residence,Kuala Lumpur,Segambut,Segambut,"Segambut, Segambut, Kuala Lumpur","Riana Dutamas, 51200, Kuala Lumpur",,,1600,MYR,2.22,,2025-10-03,,,,,,,Partially Furnished,,True,,,,722,SQUARE_FEET,2,,agent,1080421,Jesrryna Gan,,https://www.iproperty.com.my/property-agent/jesrryna-gan-1080421#Agent-RightSideProfile,,+60102277553,60102277553,,VIVAHOMES REALTY SDN BHD,,,,3 Oct 2025,,2025-10-03 13:06:37,,C:\Users\USER\OneDrive\Documents\pythondata\adview_iproperty_2025-10-03_13-06-27\adview_rent_residential_108182284.0.html.gz
https://www.iproperty.com.my/property/batu-kawan/vivo-executive-apartment/rent-500203280/,500203280,,"Vivo Executive Apartment, Batu Kawan",Service Residence,Penang,Batu Kawan,Batu Kawan,"Batu Kawan, Batu Kawan, Penang","Lebuhraya Bandar Cassia, 14110, Penang",,,1500,MYR,2.05,,2025-10-03,,,,,,Strata,Fully Furnished,Freehold,True,,,,730,SQUARE_FEET,1,,agent,846056,Rick Goh,,https://www.iproperty.com.my/property-agent/rick-goh-37474#Agent-RightSideProfile,,+60124105400,60124105400,,Rich Hill Realty,,,,3 Oct 2025,,2025-10-03 13:06:37,,C:\Users\USER\OneDrive\Documents\pythondata\adview_iproperty_2025-10-03_13-06-27\adview_rent_residential_500203280.0.html.gz
https://www.iproperty.com.my/property/damansara-heights/regent-suites-pavilion-damansara-heights/rent-500176124/,500176124,,"Regent Suites @ Pavilion Damansara Heights, Damansara Heights",Service Residence,Kuala Lumpur,Damansara Heights,Damansara Heights,"Damansara Heights, Damansara Heights, Kuala Lumpur","Jalan Damanlela, 50490, Kuala Lumpur",,,10500,MYR,7.52,,2025-10-03,,,,,,Strata,Partially Furnished,Freehold,True,,,,1396,SQUARE_FEET,2,,agent,3019386,Wei Kheng,,https://www.iproperty.com.my/property-agent/wei-kheng-3019386#Agent-RightSideProfile,,+60176350170,60176350170,,RMX REALTY SDN BHD   [ E (1) 2144 ],,,,3 Oct 2025,,2025-10-03 13:06:37,,C:\Users\USER\OneDrive\Documents\pythondata\adview_iproperty_2025-10-03_13-06-27\adview_rent_residential_500176124.0.html.gz
https://www.iproperty.com.my/property/kampung-kerinchi-bangsar-south/laurel-residence/ol-rent-108262382/,108262382,,"Laurel Residence, Kampung Kerinchi (Bangsar South)",Service Residence,Kuala Lumpur,Kampung Kerinchi (Bangsar South),Kampung Kerinchi (Bangsar South),"Kampung Kerinchi (Bangsar South), Kampung Kerinchi (Bangsar South), Kuala Lumpur","Jalan Pantai Permai, 59200, Kuala Lumpur",,,2900,MYR,4.92,,2025-10-03,,,,,,,Fully Furnished,Leasehold,True,,,,590,SQUARE_FEET,1,,agent,1066061,Matt Tew,,https://www.iproperty.com.my/property-agent/matt-tew-1066061#Agent-RightSideProfile,,+601112383312,601112383312,,The Roof Realty - Kuchai Lama,,,,3 Oct 2025,,2025-10-03 13:06:37,,C:\Users\USER\OneDrive\Documents\pythondata\adview_iproperty_2025-10-03_13-06-27\adview_rent_residential_108262382.0.html.gz
https://www.iproperty.com.my/property/kampung-kerinchi-bangsar-south/laurel-residence/ol-rent-108397443/,108397443,,"Laurel Residence, Kampung Kerinchi (Bangsar South)",Service Residence,Kuala Lumpur,Kampung Kerinchi (Bangsar South),Kampung Kerinchi (Bangsar South),"Kampung Kerinchi (Bangsar South), Kampung Kerinchi (Bangsar South), Kuala Lumpur","Jalan Pantai Permai, 59200, Kuala Lumpur",,,2800,MYR,4.75,,2025-10-03,,,,,,Strata,Fully Furnished,Leasehold,True,,,,590,SQUARE_FEET,1,,agent,1066061,Matt Tew,,https://www.iproperty.com.my/property-agent/matt-tew-1066061#Agent-RightSideProfile,,+601112383312,601112383312,,The Roof Realty - Kuchai Lama,,,,3 Oct 2025,,2025-10-03 13:06:37,,C:\Users\USER\OneDrive\Documents\pythondata\adview_iproperty_2025-10-03_13-06-27\adview_rent_residential_108397443.0.html.gz
https://www.iproperty.com.my/property/mont-kiara/inspirasi/cl-rent-200013030/,200013030,,"Inspirasi, Mont Kiara",Condominium,Kuala Lumpur,Mont Kiara,Mont Kiara,"Mont Kiara, Mont Kiara, Kuala Lumpur","Jalan Kiara 3, 50480, Kuala Lumpur",,,3200,MYR,3.40,,2025-10-03,,,,,,,Fully Furnished,Leasehold,True,,,,940,SQUARE_FEET,,,agent,2966107,Leemini Lee,,https://www.iproperty.com.my/property-agent/leemini-lee-2966107#Agent-RightSideProfile,,+60127953143,60127953143,,Private Advertiser,,,,3 Oct 2025,,2025-10-03 13:06:37,,C:\Users\USER\OneDrive\Documents\pythondata\adview_iproperty_2025-10-03_13-06-27\adview_rent_residential_200013030.0.html.gz
https://www.iproperty.com.my/property/mont-kiara/pavilion-hilltop/rent-500176161/,500176161,,"Pavilion Hilltop, Mont Kiara",Condominium,Kuala Lumpur,Mont Kiara,Mont Kiara,"Mont Kiara, Mont Kiara, Kuala Lumpur","Lot 67209 Jalan Kiara, 50480, Kuala Lumpur",,,9500,MYR,5.19,,2025-10-03,,,,,,Strata,Fully Furnished,Freehold,True,,,,1830,SQUARE_FEET,2,,agent,1338023,Catherine Tan,,https://www.iproperty.com.my/property-agent/catherine-tan-1338023#Agent-RightSideProfile,,+60126774087,60126774087,,CHESTER PROPERTIES SDN.BHD.,,,,3 Oct 2025,,2025-10-03 13:06:37,,C:\Users\USER\OneDrive\Documents\pythondata\adview_iproperty_2025-10-03_13-06-27\adview_rent_residential_500176161.0.html.gz
https://www.iproperty.com.my/property/shah-alam/1-033-acre-45-000-sf-freehold-industrial-land-for-sale-shah-alam-industrial-park/sale-200383226/,200383226,,"1.033 acre / 45,000sf FREEHOLD industrial land for sale Shah Alam Industrial Park, Kota Kemuning, Shah Alam",Industrial Land,Selangor,Shah Alam,Shah Alam,"Shah Alam, Shah Alam, Selangor","Persiaran Kuala Selangor Shah AlamKota Kemuning HicomAxis Industrial ParkHicom Shah AlamSeksyen 23Shah Alam Industrial ZoneBukit KemuningHicom GlenmarieBukit JelutongUSJ Subang JayaUEP Subang Hi TechPuchongUEP Subang Hi TechPetaling JayaElmina, Kota Kemuning, 40460, Selangor",,,15000000,MYR,333.33,,2025-10-03,,,,,,Individual,,Freehold,True,Industrial,,,,SQUARE_FEET,,,agent,825023,Caryn Wee,,https://www.iproperty.com.my/property-agent/caryn-wee-4414#Agent-RightSideProfile,,+60123700231,60123700231,,Wereg Properties Sdn Bhd,,,,3 Oct 2025,,2025-10-03 13:06:37,,C:\Users\USER\OneDrive\Documents\pythondata\adview_iproperty_2025-10-03_13-06-27\adview_sale_commercial_200383226.0.html.gz
https://www.iproperty.com.my/property/shah-alam/shah-alam-strategic-loaction-detached-warehouse/sale-103078340/,103078340,,"Shah Alam Strategic Loaction Detached Warehouse, Shah Alam",Detached Factory,Selangor,Shah Alam,Shah Alam,"Shah Alam, Shah Alam, Selangor",Selangor,,,15000000,MYR,746.27,,2025-10-03,,,,,,Individual,Partially Furnished,Leasehold,False,,,,20100,SQUARE_FEET,20,,agent,875445,Owen Wong,,https://www.iproperty.com.my/property-agent/owen-wong-875445#Agent-RightSideProfile,,+60122697970,60122697970,,Esprit Estate Agent Sdn. Bhd.,,,,3 Oct 2025,,2025-10-03 13:06:37,,C:\Users\USER\OneDrive\Documents\pythondata\adview_iproperty_2025-10-03_13-06-27\adview_sale_commercial_103078340.0.html.gz
https://www.iproperty.com.my/property/sungai-lalang/sungai-lalang/sale-500142235/,500142235,,"Sungai Lalang, Taman Desa Aman, Sungai Lalang",Industrial Land,Kedah,Sungai Lalang,Sungai Lalang,"Sungai Lalang, Sungai Lalang, Kedah","Taman Desa Aman, 08000, Kedah",,,2740000,MYR,26.00,,2025-10-03,,,,,,Individual,,Freehold,False,Industrial,,,,SQUARE_FEET,,,agent,921235,Wang Ts,,https://www.iproperty.com.my/property-agent/wang-ts-25950#Agent-RightSideProfile,,+60125042716,60125042716,,Private Advertiser,,,,3 Oct 2025,,2025-10-03 13:06:37,,C:\Users\USER\OneDrive\Documents\pythondata\adview_iproperty_2025-10-03_13-06-27\adview_sale_commercial_500142235.0.html.gz
https://www.iproperty.com.my/new-property/property/johor-bahru/21-biz-hub/new-6876/,,,,UDA Land (South) Sdn Bhd,Johor,Johor Bahru,Johor Bahru,"Johor Bahru, Johor Bahru, Johor",,,,,,,,,,,,,,,,,,,,,,,,,,,,,,,,,,,,,,,,2025-10-03 13:06:37,,C:\Users\USER\OneDrive\Documents\pythondata\adview_iproperty_2025-10-03_13-06-27\adview_sale_commercial_nan.html.gz
https://www.iproperty.com.my/property/semenyih/setia-eco-hill-2/sale-200395124/,200395124,,"Setia eco hill 2, Setia Ecohill, Semenyih",Shop,Selangor,Semenyih,Semenyih,"Semenyih, Semenyih, Selangor","persiaran ecohill 2 barat, Setia Ecohill, 43700, Selangor",,,1450000,MYR,371.89,,2025-10-03,,,,,,Individual,Bare unit,Freehold,True,,,,3899,SQUARE_FEET,2,,agent,966427,Terence Yap,,https://www.iproperty.com.my/property-agent/terence-yap-35261#Agent-RightSideProfile,,+60122329042,60122329042,,MCENTURY PROPERTIES SDN BHD,,,,3 Oct 2025,,2025-10-03 13:06:37,,C:\Users\USER\OneDrive\Documents\pythondata\adview_iproperty_2025-10-03_13-06-27\adview_sale_commercial_200395124.0.html.gz
https://www.iproperty.com.my/property/semenyih/eco-majectic/ol-sale-200395055/,200395055,,"Eco majectic, Eco Majestic, Semenyih",Shop,Selangor,Semenyih,Semenyih,"Semenyih, Semenyih, Selangor","persiaran ecohill 2 barat, Eco Majestic, 43700, Selangor",,,1499000,MYR,384.46,,2025-10-03,,,,,,Individual,Bare unit,Freehold,True,,,,3899,SQUARE_FEET,2,,agent,966427,Terence Yap,,https://www.iproperty.com.my/property-agent/terence-yap-35261#Agent-RightSideProfile,,+60122329042,60122329042,,MCENTURY PROPERTIES SDN BHD,,,,3 Oct 2025,,2025-10-03 13:06:37,,C:\Users\USER\OneDrive\Documents\pythondata\adview_iproperty_2025-10-03_13-06-27\adview_sale_commercial_200395055.0.html.gz
https://www.iproperty.com.my/new-property/property/petaling-jaya/plaza-kelana-jaya-boulevard/new-5908/,,,,Glomac Segar Sdn Bhd,Selangor,Petaling Jaya,Petaling Jaya,"Petaling Jaya, Petaling Jaya, Selangor",,,,,,,,,,,,,,,,,,,,,,,,,,,,,,,,,,,,,,,,2025-10-03 13:06:37,,C:\Users\USER\OneDrive\Documents\pythondata\adview_iproperty_2025-10-03_13-06-27\adview_sale_commercial_nan.html.gz
https://www.iproperty.com.my/property/shah-alam/3-3-acres-freehold-industrial-land-for-sale-shah-alam-industrial-park/sale-200382035/,200382035,,"3.3 acres FREEHOLD industrial land for sale Shah Alam Industrial Park, Kota Kemuning, Shah Alam",Industrial Land,Selangor,Shah Alam,Shah Alam,"Shah Alam, Shah Alam, Selangor","Persiaran Kuala Selangor Shah AlamKota Kemuning HicomAxis Industrial ParkHicom Shah AlamSeksyen 23Shah Alam Industrial ZoneBukit KemuningHicom GlenmarieBukit JelutongUSJ Subang JayaUEP Subang Hi TechPuchongUEP Subang Hi TechPetaling Jaya, Kota Kemuning, 40460, Selangor",,,30000000,MYR,230.77,,2025-10-03,,,,,,Individual,,Freehold,True,Industrial,,,,SQUARE_FEET,,,agent,825023,Caryn Wee,,https://www.iproperty.com.my/property-agent/caryn-wee-4414#Agent-RightSideProfile,,+60123700231,60123700231,,Wereg Properties Sdn Bhd,,,,3 Oct 2025,,2025-10-03 13:06:37,,C:\Users\USER\OneDrive\Documents\pythondata\adview_iproperty_2025-10-03_13-06-27\adview_sale_commercial_200382035.0.html.gz
https://www.iproperty.com.my/property/shah-alam/sale-108406851/,108406851,,"Hicom - Glenmarie Industrial Park, Shah Alam",Shop-Office,Selangor,Shah Alam,Shah Alam,"Shah Alam, Shah Alam, Selangor","28' x 75' EndLot Hicom Glenmarie Industrial Park, Hicom - Glenmarie Industrial Park, 40150, Selangor",,,3000000,MYR,535.71,,2025-10-03,,,,,,Individual,,Freehold,False,,,,5600,SQUARE_FEET,,,agent,1011499,April How,,https://www.iproperty.com.my/property-agent/april-how-1011499#Agent-RightSideProfile,,+60173333673,60173333673,,Kith and Kin Realty Sdn. Bhd.,,,,3 Oct 2025,,2025-10-03 13:06:37,,C:\Users\USER\OneDrive\Documents\pythondata\adview_iproperty_2025-10-03_13-06-27\adview_sale_commercial_108406851.0.html.gz
https://www.iproperty.com.my/property/tampoi/dewani-detach-factory-near-tampoi-tebrau-1-acres-built-up-20-k-sqft/ol-sale-107154566/,107154566,,"Dewani Detach factory near Tampoi Tebrau 1 acres built up 20k sqft, Tampoi",Detached Factory,Johor,Tampoi,Tampoi,"Tampoi, Tampoi, Johor",Johor,,,7500000,MYR,375.00,,2025-10-03,,,,,,Individual,,Freehold,True,,,,20000,SQUARE_FEET,,,agent,1196131,Philip Book,,https://www.iproperty.com.my/property-agent/philip-book-1196131#Agent-RightSideProfile,,+60167270555,60167270555,,The Roof Realty  - Johor,,,,3 Oct 2025,,2025-10-03 13:06:37,,C:\Users\USER\OneDrive\Documents\pythondata\adview_iproperty_2025-10-03_13-06-27\adview_sale_commercial_107154566.0.html.gz
https://www.iproperty.com.my/new-property/property/kayu-ara/glomac-centro/new-2160/,,,,Glomac Kristal Sdn Bhd,Selangor,Kayu Ara,Kayu Ara,"Kayu Ara, Kayu Ara, Selangor",,,,,,,,,,,,,,,,,,,,,,,,,,,,,,,,,,,,,,,,2025-10-03 13:06:37,,C:\Users\USER\OneDrive\Documents\pythondata\adview_iproperty_2025-10-03_13-06-27\adview_sale_commercial_nan.html.gz
https://www.iproperty.com.my/property/petaling-jaya/damansara-utama/ol-sale-200088275/,200088275,,"Damansara Utama, SS 21, Damansara Utama, Petaling Jaya",Shop,Selangor,Petaling Jaya,Petaling Jaya,"Petaling Jaya, Petaling Jaya, Selangor","Jalan ss 21/58, Damansara Uptown, SS 21, Damansara Utama, 47400, Selangor",,,5900000,MYR,983.33,,2025-10-03,,,,,,Individual,,Freehold,True,,,,6000,SQUARE_FEET,,,agent,859416,David Lim,,https://www.iproperty.com.my/property-agent/david-lim-36198#Agent-RightSideProfile,,+60172292290,60172292290,,Proplenx Realty,,,,3 Oct 2025,,2025-10-03 13:06:37,,C:\Users\USER\OneDrive\Documents\pythondata\adview_iproperty_2025-10-03_13-06-27\adview_sale_commercial_200088275.0.html.gz
https://www.iproperty.com.my/property/batu-caves/batu-caves-sbc-bolton-batu-caves/sale-105501293/,105501293,,"Batu Caves, SBC, Bolton Batu Caves, Batu Caves",Detached Factory,Selangor,Batu Caves,Batu Caves,"Batu Caves, Batu Caves, Selangor","Jalan Sri batu caves, 68100, Selangor",,,10000000,MYR,3333.33,,2025-10-03,,,,,,Individual,Bare unit,Leasehold,True,,,,3000,SQUARE_FEET,,,agent,837097,Gabriel Chin,,https://www.iproperty.com.my/property-agent/gabriel-chin-44851#Agent-RightSideProfile,,+60172725232,60172725232,,CID Realtors Sdn Bhd,,,,3 Oct 2025,,2025-10-03 13:06:37,,C:\Users\USER\OneDrive\Documents\pythondata\adview_iproperty_2025-10-03_13-06-27\adview_sale_commercial_105501293.0.html.gz
https://www.iproperty.com.my/property/semenyih/big-detached-factory-warehouse-for-sales-at-semenyih-industrial-park/sale-200371273/,200371273,,"Big Detached Factory & Warehouse For Sales at Semenyih Industrial Park, Pekan Semenyih, Semenyih",Detached Factory,Selangor,Semenyih,Semenyih,"Semenyih, Semenyih, Selangor","Semenyih, Lekas Industrial, SEMTEC, Bandar Teknologi Kajang, Beranang, Rinching, Nilai, Bangi, Balakong, Taming Jaya, Cheras Jaya, Selesa Jaya, Puchong, Kinrara, Kajang, Bukit Angkat, Sungai Chua,, Pekan Semenyih, 43500, Selangor",,,38000000,MYR,391.75,,2025-10-03,,,,,,Individual,Bare unit,Freehold,True,,,,97000,SQUARE_FEET,,,agent,585814,Audrey Lim,,https://www.iproperty.com.my/property-agent/audrey-lim-24851#Agent-RightSideProfile,,+60123801283,60123801283,,The Roof Realty - Kuchai Lama,,,,3 Oct 2025,,2025-10-03 13:06:37,,C:\Users\USER\OneDrive\Documents\pythondata\adview_iproperty_2025-10-03_13-06-27\adview_sale_commercial_200371273.0.html.gz
https://www.iproperty.com.my/new-property/property/shah-alam/maya-corporate-office-suites/new-6721/,,,,Eco Ardence Sdn Bhd,Selangor,Shah Alam,Shah Alam,"Shah Alam, Shah Alam, Selangor",,,,,,,,,,,,,,,,,,,,,,,,,,,,,,,,,,,,,,,,2025-10-03 13:06:37,,C:\Users\USER\OneDrive\Documents\pythondata\adview_iproperty_2025-10-03_13-06-27\adview_sale_commercial_nan.html.gz
https://www.iproperty.com.my/property/klang/ol-sale-200394938/,200394938,,"Pulau Indah, Klang",Warehouse,Selangor,Klang,Klang,"Klang, Klang, Selangor","Kawasan Perindustrian Pulau Indah, Pulau Indah, 42920, Selangor",,,29000000,MYR,440.01,,2025-10-03,,,,,,Individual,,Leasehold,True,,,,65907,SQUARE_FEET,,,agent,1617317,Janice Yap,,https://www.iproperty.com.my/property-agent/janice-yap-1617317#Agent-RightSideProfile,,+60108358275,60108358275,,Esprit Estate Agent Sdn. Bhd.,,,,3 Oct 2025,,2025-10-03 13:06:37,,C:\Users\USER\OneDrive\Documents\pythondata\adview_iproperty_2025-10-03_13-06-27\adview_sale_commercial_200394938.0.html.gz
https://www.iproperty.com.my/property/klang/gateway-16-bandar-bukit-raja/sale-108376742/,108376742,,"Gateway 16, Bandar Bukit Raja, Bandar Bukit Raja, Klang",Semi-D Factory,Selangor,Klang,Klang,"Klang, Klang, Selangor","Bandar Bukit Raja, 41000, Selangor",,,4400000,MYR,1215.47,,2025-10-03,,,,,,Individual,,Freehold,True,,,,3620,SQUARE_FEET,,,agent,929678,Christina Lim,,https://www.iproperty.com.my/property-agent/christina-lim-22796#Agent-RightSideProfile,,+60162322525,60162322525,,Zilin Properties Sdn Bhd,,,,3 Oct 2025,,2025-10-03 13:06:37,,C:\Users\USER\OneDrive\Documents\pythondata\adview_iproperty_2025-10-03_13-06-27\adview_sale_commercial_108376742.0.html.gz
https://www.iproperty.com.my/property/kepong/kepong-business-park-segambut-bahagia/sale-100925995/,100925995,,"Kepong Business Park@Segambut Bahagia, Segambut Bahagia, Kepong",Commercial Bungalow,Kuala Lumpur,Kepong,Kepong,"Kepong, Kepong, Kuala Lumpur","Segambut Bahagia, 52100, Kuala Lumpur",,,9480000,MYR,1008.51,,2025-10-03,,,,,,Individual,Partially Furnished,Freehold,False,Commercial,,,9400,SQUARE_FEET,5,,agent,845837,Steve Yong,,https://www.iproperty.com.my/property-agent/steve-yong-15102#Agent-RightSideProfile,,+60173690202,60173690202,,Sinland Real Estate,,,,3 Oct 2025,,2025-10-03 13:06:37,,C:\Users\USER\OneDrive\Documents\pythondata\adview_iproperty_2025-10-03_13-06-27\adview_sale_commercial_100925995.0.html.gz
https://www.iproperty.com.my/property/petaling-jaya/jalan-gasing-nearby-jalan-kemajuan-jalan-utara-jalan-universiti-jalan-timur-jalan-selangor-ss-2/sale-100947660/,100947660,,"Jalan Gasing, Nearby Jalan Kemajuan, Jalan Utara, Jalan Universiti, Jalan Timur, Jalan Selangor, SS2, Petaling Jaya",Commercial Bungalow,Selangor,Petaling Jaya,Petaling Jaya,"Petaling Jaya, Petaling Jaya, Selangor",Selangor,,,2788000,MYR,929.33,,2025-10-03,,,,,,Individual,Bare unit,Freehold,False,Commercial,,,3000,SQUARE_FEET,10,,agent,900587,Shawn Lee WK,,https://www.iproperty.com.my/property-agent/shawn-lee-wk-39106#Agent-RightSideProfile,,+60166361861,60166361861,,Real Estate Finders (My) Sdn. Bhd. (Kepong),,,,3 Oct 2025,,2025-10-03 13:06:37,,C:\Users\USER\OneDrive\Documents\pythondata\adview_iproperty_2025-10-03_13-06-27\adview_sale_commercial_100947660.0.html.gz
https://www.iproperty.com.my/property/balakong/balakong/sale-500148878/,500148878,,"Balakong, Kawasan Perindustrian Balakong, Balakong",Semi-D Factory,Selangor,Balakong,Balakong,"Balakong, Balakong, Selangor","Kawasan Perindustrian Balakong, 43300, Selangor",,,5200000,MYR,954.13,,2025-10-03,,,,,,Individual,,Freehold,True,,,,5450,SQUARE_FEET,,,agent,1967472,Benjamin Tan,,https://www.iproperty.com.my/property-agent/benjamin-tan-1967472#Agent-RightSideProfile,,+60122878666,60122878666,,Starcity Property,,,,3 Oct 2025,,2025-10-03 13:06:37,,C:\Users\USER\OneDrive\Documents\pythondata\adview_iproperty_2025-10-03_13-06-27\adview_sale_commercial_500148878.0.html.gz
https://www.iproperty.com.my/property/balakong/balakong-bangi-semi-d-factory/ol-sale-105752331/,105752331,,"Balakong Bangi Semi D Factory, Balakong",Semi-D Factory,Selangor,Balakong,Balakong,"Balakong, Balakong, Selangor","43300, Selangor",,,7000000,MYR,583.33,,2025-10-03,,,,,,Individual,,Freehold,True,,,,12000,SQUARE_FEET,,,agent,926995,Joanne Cheong,,https://www.iproperty.com.my/property-agent/joanne-cheong-44901#Agent-RightSideProfile,,+60162577617,60162577617,,Starcity Property,,,,3 Oct 2025,,2025-10-03 13:06:37,,C:\Users\USER\OneDrive\Documents\pythondata\adview_iproperty_2025-10-03_13-06-27\adview_sale_commercial_105752331.0.html.gz
https://www.iproperty.com.my/property/kampar/sale-200279237/,200279237,,"kampar, Kampar",Shop,Perak,Kampar,Kampar,"Kampar, Kampar, Perak","Jalan Gopeng, kampar, 31900, Perak",,,788000,MYR,328.33,,2025-10-03,,,,,,Individual,Partially Furnished,Freehold,True,,,,2400,SQUARE_FEET,,,agent,1050948,Daniel Wa,,https://www.iproperty.com.my/property-agent/daniel-wa-1050948#Agent-RightSideProfile,,+60179133880,60179133880,,Private Advertiser,,,,3 Oct 2025,,2025-10-03 13:06:37,,C:\Users\USER\OneDrive\Documents\pythondata\adview_iproperty_2025-10-03_13-06-27\adview_sale_commercial_200279237.0.html.gz
https://www.iproperty.com.my/property/bangi/a-park-bangi-3-storey-brand-new-detached-factory/ol-sale-107230357/,107230357,,"A Park Bangi 3 Storey Brand New Detached Factory, Kajang, Semenyih, Balakong, Seri Kembangan, Cheras, Bangi",Detached Factory,Selangor,Bangi,Bangi,"Bangi, Bangi, Selangor","Kajang, Semenyih, Balakong, Seri Kembangan, Cheras, 43000, Selangor",,,21995000,MYR,697.94,,2025-10-03,,,,,,Individual,,Leasehold,True,,,,31514,SQUARE_FEET,,,agent,871086,Benjamin Lai,,https://www.iproperty.com.my/property-agent/benjamin-lai-5437#Agent-RightSideProfile,,+60126293126,60126293126,,Focus Estate Agency Sdn. Bhd.,,,,3 Oct 2025,,2025-10-03 13:06:37,,C:\Users\USER\OneDrive\Documents\pythondata\adview_iproperty_2025-10-03_13-06-27\adview_sale_commercial_107230357.0.html.gz
https://www.iproperty.com.my/property/bukit-jalil/aurora-place-bukit-jalil/sale-500011622/,500011622,,"Aurora Place @ Bukit Jalil, Bukit Jalil",Shop-Office,Kuala Lumpur,Bukit Jalil,Bukit Jalil,"Bukit Jalil, Bukit Jalil, Kuala Lumpur","Jalan 17/155c, 57000, Kuala Lumpur",,,5500000,MYR,908.34,,2025-10-03,,,,,,Strata,,Freehold,True,,,,6055,SQUARE_FEET,,,agent,883317,WY Chin,,https://www.iproperty.com.my/property-agent/wy-chin-42653#Agent-RightSideProfile,,+60123311818,60123311818,,Centricity Realty,,,,3 Oct 2025,,2025-10-03 13:06:37,,C:\Users\USER\OneDrive\Documents\pythondata\adview_iproperty_2025-10-03_13-06-27\adview_sale_commercial_500011622.0.html.gz
https://www.iproperty.com.my/property/petaling-jaya/vsq-v-square/rent-200266181/,200266181,,"VSQ - V Square, PJ City, Petaling Jaya",Office,Selangor,Petaling Jaya,Petaling Jaya,"Petaling Jaya, Petaling Jaya, Selangor","Jalan Utara, PJ8, Pj33, Amcorp, Pjx, Axis, Lyl, Pkns, Sheraton, Jaya One, Atwater, PJ City, 46200, Selangor",,,37300,MYR,4.51,,2025-10-03,,,,,,Strata,Fully Furnished,,False,,,,8268,SQUARE_FEET,,,agent,825257,Daniel Leong,,https://www.iproperty.com.my/property-agent/daniel-leong-17362#Agent-RightSideProfile,,+60162899267,60162899267,,The Roof Realty - Puchong,,,,3 Oct 2025,,2025-10-03 13:06:39,,C:\Users\USER\OneDrive\Documents\pythondata\adview_iproperty_2025-10-03_13-06-27\adview_rent_commercial_200266181.0.html.gz
https://www.iproperty.com.my/property/ipoh/ol-rent-104240091/,104240091,,"Tasek, Ipoh",Warehouse,Perak,Ipoh,Ipoh,"Ipoh, Ipoh, Perak","Tasek, Perak",,,240000,MYR,1.58,,2025-10-03,,,,,,Individual,,Leasehold,True,,,,152304,SQUARE_FEET,,,agent,970318,Jamie Lai,,https://www.iproperty.com.my/property-agent/jamie-lai-35413#Agent-RightSideProfile,,+60165211109,60165211109,,Gather Properties Sdn Bhd (Perak),,,,3 Oct 2025,,2025-10-03 13:06:39,,C:\Users\USER\OneDrive\Documents\pythondata\adview_iproperty_2025-10-03_13-06-27\adview_rent_commercial_104240091.0.html.gz
https://www.iproperty.com.my/property/petaling-jaya/rent-200141568/,200141568,,"Seksyen 13, Petaling Jaya",Warehouse,Selangor,Petaling Jaya,Petaling Jaya,"Petaling Jaya, Petaling Jaya, Selangor","Petaling Jaya, Seksyen 13, 46200, Selangor",,,30000,MYR,3.00,,2025-10-03,,,,,,Individual,Partially Furnished,Freehold,True,,,,10000,SQUARE_FEET,,,agent,842635,KB Chan,,https://www.iproperty.com.my/property-agent/kb-chan-1171#Agent-RightSideProfile,,+60193326655,60193326655,,IPROP REALTORS SDN BHD,,,,3 Oct 2025,,2025-10-03 13:06:39,,C:\Users\USER\OneDrive\Documents\pythondata\adview_iproperty_2025-10-03_13-06-27\adview_rent_commercial_200141568.0.html.gz
https://www.iproperty.com.my/property/pasir-gudang/kawasan-perindustrian-pasir-gudung/rent-500203341/,500203341,,"Kawasan Perindustrian Pasir Gudung, Kawasan Perindustrian Pasir Gudang, Pasir Gudang",Warehouse,Johor,Pasir Gudang,Pasir Gudang,"Pasir Gudang, Pasir Gudang, Johor","Kawasan Perindustrian Pasir Gudang, 81750, Johor",,,235400,MYR,2.20,,2025-10-03,,,,,,Individual,,Freehold,True,,,,107000,SQUARE_FEET,,,agent,1039478,Chanel Ang,,https://www.iproperty.com.my/property-agent/chanel-ang-1039478#Agent-RightSideProfile,,+60137222259,60137222259,,Aczeon Properties,,,,3 Oct 2025,,2025-10-03 13:06:39,,C:\Users\USER\OneDrive\Documents\pythondata\adview_iproperty_2025-10-03_13-06-27\adview_rent_commercial_500203341.0.html.gz
https://www.iproperty.com.my/property/balakong/taman-industri-selesa-jaya-balakong/rent-200015915/,200015915,,"Taman Industri Selesa Jaya, Balakong,, Taman Industri Balakong Jaya, Balakong",Semi-D Factory,Selangor,Balakong,Balakong,"Balakong, Balakong, Selangor","Taman Industri Selesa Jaya, Balakong,, Taman Industri Balakong Jaya, 43300, Selangor",,,25000,MYR,2.50,,2025-10-03,,,,,,,,,True,,,,10000,SQUARE_FEET,,,agent,544631,Avic Wong,,https://www.iproperty.com.my/property-agent/avic-wong-25884#Agent-RightSideProfile,,+60166881007,60166881007,,ONE MAKER REALTY SDN BHD,,,,3 Oct 2025,,2025-10-03 13:06:39,,C:\Users\USER\OneDrive\Documents\pythondata\adview_iproperty_2025-10-03_13-06-27\adview_rent_commercial_200015915.0.html.gz
https://www.iproperty.com.my/property/taman-tun-dr-ismail/shop-lot/rent-108237629/,108237629,,"Shop lot, Taman Tun Dr Ismail",Shop,Kuala Lumpur,Taman Tun Dr Ismail,Taman Tun Dr Ismail,"Taman Tun Dr Ismail, Taman Tun Dr Ismail, Kuala Lumpur","Lorong Datuk Sulaiman 1, Taman Tun Dr Ismail, 60000, Kuala Lumpur",,,11888,MYR,3.17,,2025-10-03,,,,,,Individual,,Freehold,True,,,,3750,SQUARE_FEET,10,,agent,875445,Owen Wong,,https://www.iproperty.com.my/property-agent/owen-wong-875445#Agent-RightSideProfile,,+60122697970,60122697970,,Esprit Estate Agent Sdn. Bhd.,,,,3 Oct 2025,,2025-10-03 13:06:39,,C:\Users\USER\OneDrive\Documents\pythondata\adview_iproperty_2025-10-03_13-06-27\adview_rent_commercial_108237629.0.html.gz
https://www.iproperty.com.my/property/johor-bahru/jalan-serampang/rent-500203266/,500203266,,"Jalan Serampang, Taman Sri Tebrau, Johor Bahru",Commercial Bungalow,Johor,Johor Bahru,Johor Bahru,"Johor Bahru, Johor Bahru, Johor","Taman Sri Tebrau, 80500, Johor",,,44000,MYR,8.88,,2025-10-03,,,,,,Strata,,Freehold,True,Commercial,,,4954,SQUARE_FEET,3,,agent,1304208,Benjamin Oh,,https://www.iproperty.com.my/property-agent/benjamin-oh-1304208#Agent-RightSideProfile,,+60167213934,60167213934,,ERA REALTOR SDN. BHD.,,,,3 Oct 2025,,2025-10-03 13:06:39,,C:\Users\USER\OneDrive\Documents\pythondata\adview_iproperty_2025-10-03_13-06-27\adview_rent_commercial_500203266.0.html.gz
https://www.iproperty.com.my/property/kl-city-centre/mof-inc-tower-platinum-park-klcc-kl-city-centre-kuala-lumpur-klcc-kl-city-centre/rent-200394120/,200394120,,"MOF Inc Tower, Platinum Park, KLCC, KL City Centre, Kuala Lumpur, KLCC, KL City Centre, KLCC, KL City Centre",Office,Kuala Lumpur,KL City Centre,KL City Centre,"KL City Centre, KL City Centre, Kuala Lumpur","Persiaran KLCC, KLCC, 50088, Kuala Lumpur",,,40800,MYR,7.50,,2025-10-03,,,,,,,Fully Furnished,,True,,,,5440,SQUARE_FEET,,,agent,1007239,Kelly Tan,,https://www.iproperty.com.my/property-agent/kelly-tan-28396#Agent-RightSideProfile,,+60122280159,60122280159,,IQI Realty Sdn. Bhd.,,,,3 Oct 2025,,2025-10-03 13:06:39,,C:\Users\USER\OneDrive\Documents\pythondata\adview_iproperty_2025-10-03_13-06-27\adview_rent_commercial_200394120.0.html.gz
https://www.iproperty.com.my/property/mid-valley-city/northpoint-mid-valley-city/rent-102050685/,102050685,,"Northpoint, Mid Valley City, Mid Valley City",Office,Kuala Lumpur,Mid Valley City,Mid Valley City,"Mid Valley City, Mid Valley City, Kuala Lumpur","Mid Valley City, 1, Jalan Medan Syed Putra Utara,, 59200, Kuala Lumpur",,,45000,MYR,4.50,,2025-10-03,,,,,,Strata,Partially Furnished,Leasehold,False,,,,10000,SQUARE_FEET,,,agent,1003625,Candice Phang,,https://www.iproperty.com.my/property-agent/candice-phang-1003625#Agent-RightSideProfile,,+60122137269,60122137269,,PREMIER ASIA PROPERTY (HQ) SDN BHD,,,,3 Oct 2025,,2025-10-03 13:06:39,,C:\Users\USER\OneDrive\Documents\pythondata\adview_iproperty_2025-10-03_13-06-27\adview_rent_commercial_102050685.0.html.gz
https://www.iproperty.com.my/property/shah-alam/shah-alam-strategic-location-detached-warehouse/rent-104481356/,104481356,,"Shah Alam Strategic Location Detached Warehouse, Seksyen 33, Shah Alam",Detached Factory,Selangor,Shah Alam,Shah Alam,"Shah Alam, Shah Alam, Selangor","Jalan Teluk Gadung 27/93, Seksyen 33, Selangor",,,50000,MYR,2.49,,2025-10-03,,,,,,Individual,Partially Furnished,Leasehold,False,,,,20100,SQUARE_FEET,20,,agent,875445,Owen Wong,,https://www.iproperty.com.my/property-agent/owen-wong-875445#Agent-RightSideProfile,,+60122697970,60122697970,,Esprit Estate Agent Sdn. Bhd.,,,,3 Oct 2025,,2025-10-03 13:06:39,,C:\Users\USER\OneDrive\Documents\pythondata\adview_iproperty_2025-10-03_13-06-27\adview_rent_commercial_104481356.0.html.gz
https://www.iproperty.com.my/property/mid-valley-city/the-boulevard/rent-102634625/,102634625,,"The Boulevard, Mid Valley City",Shop,Kuala Lumpur,Mid Valley City,Mid Valley City,"Mid Valley City, Mid Valley City, Kuala Lumpur","Mid Valley City, Lingkaran Syed Putra, 59200, Kuala Lumpur",,,3600,MYR,7.20,,2025-10-03,,,,,,Strata,Partially Furnished,Leasehold,False,,,,500,SQUARE_FEET,,,agent,1003625,Candice Phang,,https://www.iproperty.com.my/property-agent/candice-phang-1003625#Agent-RightSideProfile,,+60122137269,60122137269,,PREMIER ASIA PROPERTY (HQ) SDN BHD,,,,3 Oct 2025,,2025-10-03 13:06:39,,C:\Users\USER\OneDrive\Documents\pythondata\adview_iproperty_2025-10-03_13-06-27\adview_rent_commercial_102634625.0.html.gz
https://www.iproperty.com.my/property/bangsar/rent-101018942/,101018942,,"Jalan Maarof, Bangsar",Commercial Bungalow,Kuala Lumpur,Bangsar,Bangsar,"Bangsar, Bangsar, Kuala Lumpur","Jalan Maarof, Kuala Lumpur",,,55000,MYR,7.56,,2025-10-03,,,,,,Individual,Bare unit,Freehold,True,Commercial,,,7279,SQUARE_FEET,,,agent,910696,Yang Low,,https://www.iproperty.com.my/property-agent/yang-low-20088#Agent-RightSideProfile,,+60125099834,60125099834,,Tech Real Estate - Cheras,,,,3 Oct 2025,,2025-10-03 13:06:39,,C:\Users\USER\OneDrive\Documents\pythondata\adview_iproperty_2025-10-03_13-06-27\adview_rent_commercial_101018942.0.html.gz
https://www.iproperty.com.my/property/bangsar/rent-101018943/,101018943,,"Jalan Maarof, Bangsar",Commercial Bungalow,Kuala Lumpur,Bangsar,Bangsar,"Bangsar, Bangsar, Kuala Lumpur","Jalan Maarof, Kuala Lumpur",,,26000,MYR,14.44,,2025-10-03,,,,,,Individual,Bare unit,Freehold,False,Commercial,,,1800,SQUARE_FEET,,,agent,910696,Yang Low,,https://www.iproperty.com.my/property-agent/yang-low-20088#Agent-RightSideProfile,,+60125099834,60125099834,,Tech Real Estate - Cheras,,,,3 Oct 2025,,2025-10-03 13:06:39,,C:\Users\USER\OneDrive\Documents\pythondata\adview_iproperty_2025-10-03_13-06-27\adview_rent_commercial_101018943.0.html.gz
https://www.iproperty.com.my/property/kl-city-centre/menara-hup-seng-grand-office-space/ol-rent-200337363/,200337363,,"Menara Hup Seng Grand Office Space, KLCC, KL City Centre",Office,Kuala Lumpur,KL City Centre,KL City Centre,"KL City Centre, KL City Centre, Kuala Lumpur","Jalan P.Ramlee, KLCC, 50250, Kuala Lumpur",,,9492,MYR,6.00,,2025-10-03,,,,,,Strata,Fully Furnished,Freehold,True,,,,1582,SQUARE_FEET,,,agent,388312,Dennix Chin,,https://www.iproperty.com.my/property-agent/dennix-chin-25808#Agent-RightSideProfile,,+60122667366,60122667366,,IQI Realty Sdn. Bhd.,,,,3 Oct 2025,,2025-10-03 13:06:39,,C:\Users\USER\OneDrive\Documents\pythondata\adview_iproperty_2025-10-03_13-06-27\adview_rent_commercial_200337363.0.html.gz
https://www.iproperty.com.my/property/setapak/prima-setapak/rent-500176012/,500176012,,"Prima Setapak, Prima Setapak, Setapak",Shop,Kuala Lumpur,Setapak,Setapak,"Setapak, Setapak, Kuala Lumpur","Jalan Prima Setapak 5, Prima Setapak, 53300, Kuala Lumpur",,,12000,MYR,6.67,,2025-10-03,,,,,,Individual,,Leasehold,True,,,,1800,SQUARE_FEET,,,agent,2897880,Wei Yuan Low,,https://www.iproperty.com.my/property-agent/wei-yuan-low-2897880#Agent-RightSideProfile,,+60197568400,60197568400,,ESPRIT ESTATE AGENT SDN. BHD.   [ E (1) 1448/7 ],,,,3 Oct 2025,,2025-10-03 13:06:39,,C:\Users\USER\OneDrive\Documents\pythondata\adview_iproperty_2025-10-03_13-06-27\adview_rent_commercial_500176012.0.html.gz
https://www.iproperty.com.my/property/port-klang-pelabuhan-klang/rent-106939104/,106939104,,Port Klang (Pelabuhan Klang),Warehouse,Selangor,Port Klang (Pelabuhan Klang),Port Klang (Pelabuhan Klang),"Port Klang (Pelabuhan Klang), Port Klang (Pelabuhan Klang), Selangor","42000, Selangor",,,170000,MYR,1.70,,2025-10-03,,,,,,,Partially Furnished,,False,,,,100000,SQUARE_FEET,,,agent,1024018,Jen Lau,,https://www.iproperty.com.my/property-agent/jen-lau-7314#Agent-RightSideProfile,,+60122200490,60122200490,,Billion Realtors,,,,3 Oct 2025,,2025-10-03 13:06:39,,C:\Users\USER\OneDrive\Documents\pythondata\adview_iproperty_2025-10-03_13-06-27\adview_rent_commercial_106939104.0.html.gz
https://www.iproperty.com.my/property/port-klang-pelabuhan-klang/rent-200302819/,200302819,,"North Port (Pelabuhan Utara), Port Klang (Pelabuhan Klang)",Warehouse,Selangor,Port Klang (Pelabuhan Klang),Port Klang (Pelabuhan Klang),"Port Klang (Pelabuhan Klang), Port Klang (Pelabuhan Klang), Selangor","North Port (Pelabuhan Utara), 42000, Selangor",,,247000,MYR,1.90,,2025-10-03,,,,,,Individual,Partially Furnished,,False,,,,130000,SQUARE_FEET,,,agent,1024018,Jen Lau,,https://www.iproperty.com.my/property-agent/jen-lau-7314#Agent-RightSideProfile,,+60122200490,60122200490,,Billion Realtors,,,,3 Oct 2025,,2025-10-03 13:06:39,,C:\Users\USER\OneDrive\Documents\pythondata\adview_iproperty_2025-10-03_13-06-27\adview_rent_commercial_200302819.0.html.gz
https://www.iproperty.com.my/property/telok-panglima-garang/bandar-rimbayu/rent-500053400/,500053400,,"Bandar Rimbayu, Bandar Rimbayu, Telok Panglima Garang",Shop-Office,Selangor,Telok Panglima Garang,Telok Panglima Garang,"Telok Panglima Garang, Telok Panglima Garang, Selangor","Jalan Rimbayu 2/5, Bandar Rimbayu, 42500, Selangor",,,28000,MYR,3.36,,2025-10-03,,,,,,Individual,,Leasehold,True,,,,8325,SQUARE_FEET,,,agent,951482,CY Ong,,https://www.iproperty.com.my/property-agent/cy-ong-951482#Agent-RightSideProfile,,+60122108687,60122108687,,Polygon Properties,,,,3 Oct 2025,,2025-10-03 13:06:39,,C:\Users\USER\OneDrive\Documents\pythondata\adview_iproperty_2025-10-03_13-06-27\adview_rent_commercial_500053400.0.html.gz
https://www.iproperty.com.my/property/telok-panglima-garang/bandar-rimbayu/rent-500053503/,500053503,,"Bandar Rimbayu, Bandar Rimbayu, Telok Panglima Garang",Shop-Office,Selangor,Telok Panglima Garang,Telok Panglima Garang,"Telok Panglima Garang, Telok Panglima Garang, Selangor","Jalan Rimbayu 2/4, Bandar Rimbayu, 42500, Selangor",,,39000,MYR,3.38,,2025-10-03,,,,,,Strata,,Leasehold,True,,,,11525,SQUARE_FEET,,,agent,951482,CY Ong,,https://www.iproperty.com.my/property-agent/cy-ong-951482#Agent-RightSideProfile,,+60122108687,60122108687,,Polygon Properties,,,,3 Oct 2025,,2025-10-03 13:06:39,,C:\Users\USER\OneDrive\Documents\pythondata\adview_iproperty_2025-10-03_13-06-27\adview_rent_commercial_500053503.0.html.gz
https://www.iproperty.com.my/property/shah-alam/ground-floor-high-traffic-limited-alam-budiman-shah-alam-bukit-raja-klang-setia-alam/rent-200266575/,200266575,,"[ Ground Floor | High Traffic | Limited ] Alam Budiman, Shah Alam, Bukit Raja, Klang, Setia Alam,, Alam Budiman, Shah Alam",Shop-Office,Selangor,Shah Alam,Shah Alam,"Shah Alam, Shah Alam, Selangor","Alam Budiman, 40170, Selangor",,,4500,MYR,2.73,,2025-10-03,,,,,,Individual,,Leasehold,True,,,,1650,SQUARE_FEET,,,agent,839207,Marco F.,,https://www.iproperty.com.my/property-agent/marco-f--15328#Agent-RightSideProfile,,+60126612908,60126612908,,TORIVE PROPERTIES,,,,3 Oct 2025,,2025-10-03 13:06:39,,C:\Users\USER\OneDrive\Documents\pythondata\adview_iproperty_2025-10-03_13-06-27\adview_rent_commercial_200266575.0.html.gz
