﻿url,listing_id,reference_code,title,property_type,state,district,subarea,location,address,lat,lng,price,price_currency,price_per_square_feet,updated_at_iso,posted_at_iso,published_at_iso,land_price_per_sf,land_price_unit,land_price_per_sf_computed,unit_type,title_type,furnishing,tenure,is_bumi_lot,land_title_type,bedroom,bathroom,built_up,size_unit,car_park,facilities,lister_type,lister_id,lister_name,license,lister_url,lister_image_url,phones,whatsapp,emails,agency_name,organisation_id,agency_type,agency_emails,listed_date,listed_time,scrape_datetime,agent_id,snapshot_path
https://www.iproperty.com.my/property/kepong/2-storey-semi-d-corner-factory-many-parking-easy-for-loading/rent-200310431/,rent-200310431,200310431,"2 Storey semi-corner ,limited Unit",Semi-D factory,Kuala Lumpur,Kepong,"2 Storey SEMI-D Corner  factory ,Many Parking Easy for loading .","2 Storey SEMI-D Corner  factory ,Many Parking Easy for loading ., Kepong, Kuala Lumpur","Jln metro perdana barat,Jln KIP,jln metro perdana timur,Jln SBC, 2 Storey Semi-D Corner Sri Edaran kepong, 52100, Kuala Lumpur",3.2152943,101.6479604,23000,MYR,4.6,2025-08-24T14:36:12.177Z,2025-08-24T14:36:12.177Z,2025-08-17T14:36:11.968Z,2.47,SQUARE_FEET,,Corner lot,,,,,,,,5000,SQUARE_FEET,,,agent,460109,Jessica Loh,REN 10617,https://www.iproperty.com.my/property-agent/jessica-loh-30940,https://img.iproperty.com.my/my-iproperty-agent-original/9g9dec0645af-2761-4f91-a3f5-3bdc0401f1a4_1026x1026.jpeg,+60127873363(phone); +60127873363(mobile); 60127873363(whatsapp),60127873363,jessicaloh679@gmail.com,E TREND REALTY SDN. BHD.,50618,agency,jackyl.etrend@gmail.com,,,2025-08-25 00:01:24,,C:\Users\USER\OneDrive\Documents\pythondata\adview_iproperty_2025-08-25_00-01-03\adview_rent_commercial_200310431.0.html.gz
https://www.iproperty.com.my/property/shah-alam/shah-alam-klang-kapar-bukit-raja-jenjarom-meru-port-klang-teluk-gong-telok-panglima-garang/ol-rent-108529202/,ol-rent-108529202,108529202,Warehouse Shah Alam Factory industry area easy access klang 1200amp,Warehouse,Selangor,Shah Alam,"Shah Alam, Klang, Kapar, bukit Raja , Jenjarom, Meru, Port Klang, Teluk Gong, Telok Panglima Garang","Shah Alam, Klang, Kapar, bukit Raja , Jenjarom, Meru, Port Klang, Teluk Gong, Telok Panglima Garang, Shah Alam, Selangor","Seksyen 7, 40000, Selangor",,,345000,MYR,2.28,2025-08-24T15:39:21.784Z,2025-08-24T15:39:21.784Z,2025-05-16T06:31:07.448Z,2.65,ACRES,,Corner lot,Individual,,Freehold,,Industrial,,,151000,SQUARE_FEET,,,agent,952565,Austin Chan,REN 79758,https://www.iproperty.com.my/property-agent/austin-chan-952565,https://img.iproperty.com.my/my-iproperty-agent-original/wxtjf95497b1-300a-43e0-bfef-5219ef89b855_712x712.jpeg,+60166462964(phone); +60166462964(mobile); 60166462964(whatsapp),60166462964,austinchan0109@outlook.com,THE ROOF REALTY SDN. BHD.   [ E (1) 1605/3 ],53156,agency,customercare@theroofrealty.net,,,2025-08-25 00:01:24,,C:\Users\USER\OneDrive\Documents\pythondata\adview_iproperty_2025-08-25_00-01-03\adview_rent_commercial_108529202.0.html.gz
https://www.iproperty.com.my/property/johor-bahru/rent-108068112/,108068112,,"Eco Spring, Johor Bahru",Shop-Office,Johor,Johor Bahru,Johor Bahru,"Johor Bahru, Johor Bahru, Johor","Eco Spring, 81100, Johor",,,4500,MYR,2.25,,2025-08-24,,,,,,,,,,,,,2000,,,,,2497972,Catherine Ong,,https://www.iproperty.com.my/property-agent/catherine-ong-2497972#Agent-RightSideProfile,,,,,,,,,,,2025-08-25 00:01:24,,C:\Users\USER\OneDrive\Documents\pythondata\adview_iproperty_2025-08-25_00-01-03\adview_rent_commercial_108068112.0.html.gz
https://www.iproperty.com.my/property/senai/ol-rent-200237322/,200237322,,"Eco Business Park 2 Senai, Senai",Semi-D Factory,Johor,Senai,Senai,"Senai, Senai, Johor","Eco Business Park 2 Senai, 81400, Johor",,,26000,MYR,3.26,,2025-08-24,,0.7,SQUARE_FEET,0.7,,,,,,,,,7982,,,,,2497972,Catherine Ong,,https://www.iproperty.com.my/property-agent/catherine-ong-2497972#Agent-RightSideProfile,,,,,,,,,,,2025-08-25 00:01:24,,C:\Users\USER\OneDrive\Documents\pythondata\adview_iproperty_2025-08-25_00-01-03\adview_rent_commercial_200237322.0.html.gz
https://www.iproperty.com.my/property/ayer-keroh/rent-108193356/,rent-108193356,108193356,Eco Park Semi Detached Factory At Bukit Katil / Ayer Keroh Melaka ,Semi-D factory,Melaka,Ayer Keroh,,"Ayer Keroh, Melaka","Jalan Eco, Ozana Ayer Keroh, 75450, Melaka",2.269908,102.2944891,8000,MYR,1.32,2025-08-24T14:48:01.372Z,2025-08-24T14:48:01.372Z,2025-02-15T06:34:01.817Z,0.87,SQUARE_FEET,,,Individual,,Leasehold,False,Industrial,,4,6048,SQUARE_FEET,,,agent,573436,Daric Goo,REN 08257,https://www.iproperty.com.my/property-agent/daric-goo-17878,https://img.iproperty.com.my/my-iproperty-agent-original/x1rhbe34acf5-060b-4805-a28a-a368df292508_458x458.jpeg,+60192589439(phone); +60192589439(mobile); 60192589439(whatsapp),60192589439,daricgoo72@gmail.com,MP GLOBAL REALTY SDN BHD,52266,agency,mp.globalrealty@gmail.com,,,2025-08-25 00:01:24,,C:\Users\USER\OneDrive\Documents\pythondata\adview_iproperty_2025-08-25_00-01-03\adview_rent_commercial_108193356.0.html.gz
https://www.iproperty.com.my/property/damansara-heights/pavilion-damansara-heights/ol-rent-200071672/,ol-rent-200071672,200071672,Office for Rent,Office,Kuala Lumpur,Damansara Heights,Pavilion Damansara Heights,"Pavilion Damansara Heights, Damansara Heights, Kuala Lumpur","Jalan Damanlela, Pavilion Damansara Heights, Bukit Damansara, 50490, Kuala Lumpur",,,64400,MYR,7,2025-08-24T14:07:06.465Z,2025-08-24T14:07:06.465Z,2025-06-15T14:05:10.026Z,,SQUARE_FEET,,Corner lot,Individual,Partially Furnished,Freehold,,Commercial,,,9200,SQUARE_FEET,,,agent,850664,Willis Chew,REN 04661,https://www.iproperty.com.my/property-agent/willis-chew-1344,https://img.iproperty.com.my/my-iproperty-agent-original/bi499e32764f-a464-47c6-8577-fa14eb906c25_588x588.jpeg,+60123930991(phone); +60123930991(mobile); 60123930991(whatsapp),60123930991,williskchew@gmail.com,Landbanc Property Sdn. Bhd.,50266,agency,admin@landbanc.com.my,,,2025-08-25 00:01:24,,C:\Users\USER\OneDrive\Documents\pythondata\adview_iproperty_2025-08-25_00-01-03\adview_rent_commercial_200071672.0.html.gz
https://www.iproperty.com.my/property/port-klang-pelabuhan-klang/north-port-west-port-klang-kapar-bukit-raja-meru-port-klang-teluk-gong-telok-panglima-garang/ol-rent-108529159/,108529159,,"North Port, West Port, Klang, Kapar, bukit Raja, Meru, Port Klang, Teluk Gong, Telok Panglima Garang, West Port (Pelabuhan Barat), Port Klang (Pelabuhan Klang)",Detached Factory,Selangor,Port Klang (Pelabuhan Klang),Port Klang (Pelabuhan Klang),"Port Klang (Pelabuhan Klang), Port Klang (Pelabuhan Klang), Selangor","West Port (Pelabuhan Barat), 42200, Selangor",,,65000,MYR,2.35,,2025-08-24,,,,,,,,,,,,,27610,,,,,952565,Austin Chan,,https://www.iproperty.com.my/property-agent/austin-chan-952565#Agent-RightSideProfile,,,,,,,,,,,2025-08-25 00:01:24,,C:\Users\USER\OneDrive\Documents\pythondata\adview_iproperty_2025-08-25_00-01-03\adview_rent_commercial_108529159.0.html.gz
https://www.iproperty.com.my/property/klang/teluk-gong-north-port-west-port-klang-kapar-bukit-raja-meru-port-klang-telok-panglima-garang/ol-rent-108483115/,ol-rent-108483115,108483115,Warehouse/Factory Telok Gong for rent Rm1.4 psf,Detached factory,Selangor,Klang,"Teluk Gong, North Port, West Port, Klang, Kapar, bukit Raja, Meru, Port Klang, Telok Panglima Garang","Teluk Gong, North Port, West Port, Klang, Kapar, bukit Raja, Meru, Port Klang, Telok Panglima Garang, Klang, Selangor","Jalan Udang Gantung, Teluk Gong, 42000, Selangor",2.9530535,101.3881901,87000,MYR,1.35,2025-08-24T13:43:11.172Z,2025-08-24T13:43:11.172Z,2025-05-04T08:24:08.635Z,0.83,SQUARE_FEET,,,Individual,Unfurnished,Leasehold,,Industrial,,,64592,SQUARE_FEET,,,agent,952565,Austin Chan,REN 79758,https://www.iproperty.com.my/property-agent/austin-chan-952565,https://img.iproperty.com.my/my-iproperty-agent-original/wxtjf95497b1-300a-43e0-bfef-5219ef89b855_712x712.jpeg,+60166462964(phone); +60166462964(mobile); 60166462964(whatsapp),60166462964,austinchan0109@outlook.com,THE ROOF REALTY SDN. BHD.   [ E (1) 1605/3 ],53156,agency,customercare@theroofrealty.net,,,2025-08-25 00:01:24,,C:\Users\USER\OneDrive\Documents\pythondata\adview_iproperty_2025-08-25_00-01-03\adview_rent_commercial_108483115.0.html.gz
https://www.iproperty.com.my/property/subang-jaya/subang-jaya-petaling-jaya-north-port-west-port-sunway-hicom-teluk-gong-meru-kapar/ol-rent-200140272/,200140272,,"subang jaya, petaling jaya, North port, west port, sunway, Hicom, Teluk Gong, Meru, Kapar, Taman Perindustrian Subang, Subang Jaya",Detached Factory,Selangor,Subang Jaya,Subang Jaya,"Subang Jaya, Subang Jaya, Selangor","Jalan TS6/1, Taman Perindustrian Subang, Taman Perindustrian Subang, 47500, Selangor",,,123000,MYR,2.18,,2025-08-24,,,,,,,,,,,6,6,56317,,,,,952565,Austin Chan,,https://www.iproperty.com.my/property-agent/austin-chan-952565#Agent-RightSideProfile,,,,,,,,,,,2025-08-25 00:01:24,,C:\Users\USER\OneDrive\Documents\pythondata\adview_iproperty_2025-08-25_00-01-03\adview_rent_commercial_200140272.0.html.gz
https://www.iproperty.com.my/property/setia-alam/meru-north-port-west-port-klang-kapar-bukit-raja-port-klang-teluk-gong-telok-panglima-garang/rent-108501605/,rent-108501605,108501605,Meru Klang Factory/Warehouse for rent 5mins to Setia Alam,Terrace factory,Selangor,Setia Alam,"Meru, North Port, West Port, Klang, Kapar, bukit Raja, Port Klang, Teluk Gong, Telok Panglima Garang","Meru, North Port, West Port, Klang, Kapar, bukit Raja, Port Klang, Teluk Gong, Telok Panglima Garang, Setia Alam, Selangor","MERU, MERU KLANG, 40170, Selangor",3.1036717,101.4423545,16000,MYR,1.96,2025-08-24T13:37:55.842Z,2025-08-24T13:37:55.842Z,2025-05-08T11:06:59.256Z,,SQUARE_FEET,,Intermediate,Individual,Unfurnished,Freehold,,Industrial,,,8148,SQUARE_FEET,,,agent,952565,Austin Chan,REN 79758,https://www.iproperty.com.my/property-agent/austin-chan-952565,https://img.iproperty.com.my/my-iproperty-agent-original/wxtjf95497b1-300a-43e0-bfef-5219ef89b855_712x712.jpeg,+60166462964(phone); +60166462964(mobile); 60166462964(whatsapp),60166462964,austinchan0109@outlook.com,THE ROOF REALTY SDN. BHD.   [ E (1) 1605/3 ],53156,agency,customercare@theroofrealty.net,,,2025-08-25 00:01:24,,C:\Users\USER\OneDrive\Documents\pythondata\adview_iproperty_2025-08-25_00-01-03\adview_rent_commercial_108501605.0.html.gz
https://www.iproperty.com.my/property/dutamas/publika-mall-mont-kiara-solaris-dutamas/rent-108459653/,rent-108459653,108459653,"It c/w Reception area, open working space, 5 Rooms, File Storage Room",Office,Kuala Lumpur,Dutamas,"PUBLIKA MALL, MONT KIARA, Solaris Dutamas","PUBLIKA MALL, MONT KIARA, Solaris Dutamas, Dutamas, Kuala Lumpur","No. 1, Jalan Dutamas 1, Publika Mall, Mont Kiara, SOLARIS DUTAMAS, 50480, Kuala Lumpur",3.1699547,101.6675707,8500,MYR,5.54,2025-08-24T13:32:15.065Z,2025-08-24T13:32:15.065Z,2025-04-27T05:23:04.736Z,,SQUARE_FEET,,Intermediate,Strata,Fully Furnished,Freehold,False,Commercial,,,1533,SQUARE_FEET,,"BBQ, Parking, Playground, Business Centre, Gym, Retail Stores, 24-hour Security, Jacuzzi, Nursery, Sauna, Cafe, Bus Stop",agent,839300,Moon Chan,REN 13580,https://www.iproperty.com.my/property-agent/moon-chan-23081,https://img.iproperty.com.my/my-iproperty-agent-original/12ngd6dcb516-e50a-4bfe-b65e-832d062c7b2e_2950x2950.jpeg,+60192734134(phone); +60192734134(mobile); 60192734134(whatsapp),60192734134,moonchan.iqi@gmail.com,IQI Realty Sdn. Bhd.,50555,agency,hello@iqirealty.com,,,2025-08-25 00:01:24,,C:\Users\USER\OneDrive\Documents\pythondata\adview_iproperty_2025-08-25_00-01-03\adview_rent_commercial_108459653.0.html.gz
https://www.iproperty.com.my/property/beranang/shoplot-corner-bdr-tasik-kesuma-beranang/rent-500012397/,500012397,,"SHOPLOT, CORNER, BDR TASIK, KESUMA, BERANANG, Bandar Tasik Kesuma, Beranang",Shop,Selangor,Beranang,Beranang,"Beranang, Beranang, Selangor","Bandar Tasik Kesuma, 43700, Selangor",,,2400,MYR,,,2025-08-24,,1.71,SQUARE_FEET,1.71,,,,,,,,1,1200,,,,,43867,Rozana,,https://www.iproperty.com.my/property-agent/rozana-43867#Agent-RightSideProfile,,,,,,,,,,,2025-08-25 00:01:24,,C:\Users\USER\OneDrive\Documents\pythondata\adview_iproperty_2025-08-25_00-01-03\adview_rent_commercial_500012397.0.html.gz
https://www.iproperty.com.my/property/jalan-klang-lama-old-klang-road/%E2%AD%90-new-shop-serving-1400-units-residential-on-top-%E2%AD%90-harmony-boulevard/ol-rent-200116648/,200116648,,"⭐ New Shop serving 1400 units residential on top ⭐  Harmony Boulevard, Taman Overseas Union (Taman Oug), Jalan Klang Lama (Old Klang Road)",Shop,Kuala Lumpur,Jalan Klang Lama (Old Klang Road),Jalan Klang Lama (Old Klang Road),"Jalan Klang Lama (Old Klang Road), Jalan Klang Lama (Old Klang Road), Kuala Lumpur","Taman Overseas Union (Taman Oug), 58200, Kuala Lumpur",,,8637,MYR,6.80,,2025-08-24,,,,,,,,,,,,,1270,,,,,1216138,Jess Seah,,https://www.iproperty.com.my/property-agent/jess-seah-1216138#Agent-RightSideProfile,,,,,,,,,,,2025-08-25 00:01:24,,C:\Users\USER\OneDrive\Documents\pythondata\adview_iproperty_2025-08-25_00-01-03\adview_rent_commercial_200116648.0.html.gz
https://www.iproperty.com.my/property/bukit-minyak/rent-200249802/,rent-200249802,200249802,"Factory Warehouse in Bukit Minyak, Penang Science Park",Detached factory,Penang,Bukit Minyak,,"Bukit Minyak, Penang","Factory In Bukit Minyak, Penang Science Park, 14100, Penang",,,195000,MYR,3,2025-08-24T13:20:06.459Z,2025-08-24T13:20:06.459Z,2025-07-31T09:29:19.095Z,3.25,SQUARE_FEET,,,Individual,,Leasehold,,Industrial,,,65000,SQUARE_FEET,,,agent,884138,Sandra Yap,REN 04220,https://www.iproperty.com.my/property-agent/sandra-yap-33476,,+60124626672(phone); +60124626672(mobile); 60124626672(whatsapp),60124626672,mypgproperty@gmail.com,N B Valuer,50992,agency,njbms.lee@gmail.com,,,2025-08-25 00:01:24,,C:\Users\USER\OneDrive\Documents\pythondata\adview_iproperty_2025-08-25_00-01-03\adview_rent_commercial_200249802.0.html.gz
https://www.iproperty.com.my/property/kl-city-centre/g-tower/rent-108307968/,rent-108307968,108307968,Fully fitted office for Rent,Office,Kuala Lumpur,KL City Centre,G Tower,"G Tower, KL City Centre, Kuala Lumpur","199, Jalan Tun Razak, GTower, KLCC, 50450, Kuala Lumpur",3.1591226,101.7198788,25480,MYR,8,2025-08-24T13:14:51.584Z,2025-08-24T13:14:51.584Z,2025-03-16T13:06:24.447Z,,SQUARE_FEET,,Corner lot,Individual,Fully Furnished,Freehold,,Commercial,,,3185,SQUARE_FEET,,,agent,850664,Willis Chew,REN 04661,https://www.iproperty.com.my/property-agent/willis-chew-1344,https://img.iproperty.com.my/my-iproperty-agent-original/bi499e32764f-a464-47c6-8577-fa14eb906c25_588x588.jpeg,+60123930991(phone); +60123930991(mobile); 60123930991(whatsapp),60123930991,williskchew@gmail.com,Landbanc Property Sdn. Bhd.,50266,agency,admin@landbanc.com.my,,,2025-08-25 00:01:24,,C:\Users\USER\OneDrive\Documents\pythondata\adview_iproperty_2025-08-25_00-01-03\adview_rent_commercial_108307968.0.html.gz
https://www.iproperty.com.my/property/dutamas/solaris-dutamas-publika-mont-kiara/rent-200309199/,rent-200309199,200309199,"Limited Fully Furnished big office, Can rent 8 Season Car Parks",Office,Kuala Lumpur,Dutamas,"SOLARIS DUTAMAS, PUBLIKA, MONT KIARA","SOLARIS DUTAMAS, PUBLIKA, MONT KIARA, Dutamas, Kuala Lumpur","No. 1, Jalan Dutamas 1, Solaris Dutamas, Publika, Mont Kiara, 50480, Kuala Lumpur",3.1699547,101.6675707,38300,MYR,5.59,2025-08-24T13:11:48.102Z,2025-08-24T13:11:48.102Z,2025-08-16T16:56:59.556Z,,SQUARE_FEET,,End lot,Strata,Fully Furnished,Freehold,False,Commercial,,,6854,SQUARE_FEET,,"Parking, Playground, Business Centre, Gym, Retail Stores, 24-hour Security, Nursery, Cafe, Bus Stop, Electric Vehicle (EV) Charging Stations, Pet-friendly Facilities",agent,839300,Moon Chan,REN 13580,https://www.iproperty.com.my/property-agent/moon-chan-23081,https://img.iproperty.com.my/my-iproperty-agent-original/12ngd6dcb516-e50a-4bfe-b65e-832d062c7b2e_2950x2950.jpeg,+60192734134(phone); +60192734134(mobile); 60192734134(whatsapp),60192734134,moonchan.iqi@gmail.com,IQI Realty Sdn. Bhd.,50555,agency,hello@iqirealty.com,,,2025-08-25 00:01:24,,C:\Users\USER\OneDrive\Documents\pythondata\adview_iproperty_2025-08-25_00-01-03\adview_rent_commercial_200309199.0.html.gz
https://www.iproperty.com.my/property/puchong/rent-108121617/,108121617,,"Perdana Industrial Park, Puchong",Semi-D Factory,Selangor,Puchong,Puchong,"Puchong, Puchong, Selangor","Perdana Industrial Park, 47130, Selangor",,,17000,MYR,,,2025-08-24,,1.68,SQUARE_FEET,1.68,,,,,,,,,6509,,,,,10985,Jaysen See,,https://www.iproperty.com.my/property-agent/jaysen-see-10985#Agent-RightSideProfile,,,,,,,,,,,2025-08-25 00:01:24,,C:\Users\USER\OneDrive\Documents\pythondata\adview_iproperty_2025-08-25_00-01-03\adview_rent_commercial_108121617.0.html.gz
https://www.iproperty.com.my/property/dutamas/solaris-dutamas-publika-mont-kiara/rent-108230042/,108230042,,"SOLARIS DUTAMAS, PUBLIKA, MONT KIARA, Solaris Dutamas, Publika, Mont Kiara, Dutamas",Office,Kuala Lumpur,Dutamas,Dutamas,"Dutamas, Dutamas, Kuala Lumpur","No. 1, Jalan Dutamas 1, Solaris Dutamas, Publika, Mont Kiara, 50480, Kuala Lumpur",,,29900,MYR,5.62,,2025-08-24,,,,,,,,,,,2,,5321,,,,,23081,Moon Chan,,https://www.iproperty.com.my/property-agent/moon-chan-23081#Agent-RightSideProfile,,,,,,,,,,,2025-08-25 00:01:24,,C:\Users\USER\OneDrive\Documents\pythondata\adview_iproperty_2025-08-25_00-01-03\adview_rent_commercial_108230042.0.html.gz
https://www.iproperty.com.my/property/bukit-jalil/the-park-sky-residence/sale-100993632/,100993632,,"The Park Sky Residence, Bukit Jalil",Service Residence,Kuala Lumpur,Bukit Jalil,Bukit Jalil,"Bukit Jalil, Bukit Jalil, Kuala Lumpur","Lebuhraya Bukit Jalil, 57000, Kuala Lumpur",,,950000,MYR,,,2025-08-24,,,,,,,,Freehold,,,3,2,1061,,,,,7912,Roy Yeo,,https://www.iproperty.com.my/property-agent/roy-yeo-7912#Agent-RightSideProfile,,,,,,,,,,,2025-08-25 00:01:25,,C:\Users\USER\OneDrive\Documents\pythondata\adview_iproperty_2025-08-25_00-01-03\adview_sale_residential_100993632.0.html.gz
https://www.iproperty.com.my/new-property/property/taman-desa/m-aspira/new-6775/,,,,Mah Sing Properties Sdn Bhd,Kuala Lumpur,Taman Desa,Taman Desa,"Taman Desa, Taman Desa, Kuala Lumpur",,,,,,,,,,,,,,,,,,,,,,,,,,,,,,,,,,,,,,,,2025-08-25 00:01:25,,C:\Users\USER\OneDrive\Documents\pythondata\adview_iproperty_2025-08-25_00-01-03\adview_sale_residential_nan.html.gz
https://www.iproperty.com.my/property/bukit-jalil/the-rainz/sale-100993565/,sale-100993565,100993565,Condominium for Sale,Condominium,Kuala Lumpur,Bukit Jalil,The Rainz,"The Rainz, Bukit Jalil, Kuala Lumpur","Jalan Jalil Perwira 2, 58200, Kuala Lumpur",3.063781,101.66789,1100000,MYR,569.95,2025-08-24T15:59:55.207Z,2025-08-24T15:59:55.207Z,2020-06-17T15:35:36.933Z,,SQUARE_FEET,,Corner lot,Strata,Partially Furnished,Freehold,False,Residential,5+1,4,1930,SQUARE_FEET,4,"BBQ, Parking, Jogging Track, Playground, Gym, Swimming Pool, 24-hour Security, Clubhouse, Jacuzzi, Sauna, Wading Pool",agent,907002,Roy Yeo,REN 00839,https://www.iproperty.com.my/property-agent/roy-yeo-7912,https://img.iproperty.com.my/my-iproperty-agent-original/c6s57bb69a8d-171f-4f3b-b93e-eb91bc2fcaca_640x640.jpeg,+60192778383(phone); +60192778383(mobile); 60192778383(whatsapp),60192778383,royzhen_1111@hotmail.com,The Roof Realty - Kuchai Lama,50602,agency,admin@theroofrealty.com.my,,,2025-08-25 00:01:25,,C:\Users\USER\OneDrive\Documents\pythondata\adview_iproperty_2025-08-25_00-01-03\adview_sale_residential_100993565.0.html.gz
https://www.iproperty.com.my/property/bukit-jalil/the-park-sky-residence/sale-100993607/,100993607,,"The Park Sky Residence, Bukit Jalil",Service Residence,Kuala Lumpur,Bukit Jalil,Bukit Jalil,"Bukit Jalil, Bukit Jalil, Kuala Lumpur","Lebuhraya Bukit Jalil, 57000, Kuala Lumpur",,,1550000,MYR,,,2025-08-24,,,,,,,,Freehold,,,3,4,1565,,,,,7912,Roy Yeo,,https://www.iproperty.com.my/property-agent/roy-yeo-7912#Agent-RightSideProfile,,,,,,,,,,,2025-08-25 00:01:25,,C:\Users\USER\OneDrive\Documents\pythondata\adview_iproperty_2025-08-25_00-01-03\adview_sale_residential_100993607.0.html.gz
https://www.iproperty.com.my/property/bukit-jalil/the-park-sky-residence/sale-100993606/,100993606,,"The Park Sky Residence, Bukit Jalil",Service Residence,Kuala Lumpur,Bukit Jalil,Bukit Jalil,"Bukit Jalil, Bukit Jalil, Kuala Lumpur","Lebuhraya Bukit Jalil, 57000, Kuala Lumpur",,,1100000,MYR,,,2025-08-24,,,,,,,,Freehold,,,3,2,1103,,,,,7912,Roy Yeo,,https://www.iproperty.com.my/property-agent/roy-yeo-7912#Agent-RightSideProfile,,,,,,,,,,,2025-08-25 00:01:25,,C:\Users\USER\OneDrive\Documents\pythondata\adview_iproperty_2025-08-25_00-01-03\adview_sale_residential_100993606.0.html.gz
https://www.iproperty.com.my/new-property/property/setapak/platinum-melati-residences/new-6924/,,,,Platinum Victory,Kuala Lumpur,Setapak,Setapak,"Setapak, Setapak, Kuala Lumpur",,,,,,,,,,,,,,,,,,,,,,,,,,,,,,,,,,,,,,,,2025-08-25 00:01:25,,C:\Users\USER\OneDrive\Documents\pythondata\adview_iproperty_2025-08-25_00-01-03\adview_sale_residential_nan.html.gz
https://www.iproperty.com.my/property/bukit-jalil/the-park-sky-residence/sale-100993633/,100993633,,"The Park Sky Residence, Bukit Jalil",Service Residence,Kuala Lumpur,Bukit Jalil,Bukit Jalil,"Bukit Jalil, Bukit Jalil, Kuala Lumpur","Lebuhraya Bukit Jalil, 57000, Kuala Lumpur",,,800000,MYR,,,2025-08-24,,,,,,,,Freehold,,,2,2,953,,,,,7912,Roy Yeo,,https://www.iproperty.com.my/property-agent/roy-yeo-7912#Agent-RightSideProfile,,,,,,,,,,,2025-08-25 00:01:25,,C:\Users\USER\OneDrive\Documents\pythondata\adview_iproperty_2025-08-25_00-01-03\adview_sale_residential_100993633.0.html.gz
https://www.iproperty.com.my/property/bukit-jalil/the-rainz/sale-100993578/,sale-100993578,100993578,Condominium for Sale,Condominium,Kuala Lumpur,Bukit Jalil,The Rainz,"The Rainz, Bukit Jalil, Kuala Lumpur","Jalan Jalil Perwira 2, 58200, Kuala Lumpur",3.063781,101.66789,1048000,MYR,591.42,2025-08-24T15:59:25.480Z,2025-08-24T15:59:25.480Z,2020-06-29T04:20:41.027Z,,SQUARE_FEET,,Corner lot,Strata,Fully Furnished,Freehold,False,Residential,4+1,4,1772,SQUARE_FEET,4,"BBQ, Parking, Jogging Track, Playground, Gym, Swimming Pool, 24-hour Security, Clubhouse, Jacuzzi, Sauna, Wading Pool",agent,907002,Roy Yeo,REN 00839,https://www.iproperty.com.my/property-agent/roy-yeo-7912,https://img.iproperty.com.my/my-iproperty-agent-original/c6s57bb69a8d-171f-4f3b-b93e-eb91bc2fcaca_640x640.jpeg,+60192778383(phone); +60192778383(mobile); 60192778383(whatsapp),60192778383,royzhen_1111@hotmail.com,The Roof Realty - Kuchai Lama,50602,agency,admin@theroofrealty.com.my,,,2025-08-25 00:01:25,,C:\Users\USER\OneDrive\Documents\pythondata\adview_iproperty_2025-08-25_00-01-03\adview_sale_residential_100993578.0.html.gz
https://www.iproperty.com.my/property/bukit-jalil/the-park-2/sale-102466103/,102466103,,"The Park 2, Bukit Jalil",Service Residence,Kuala Lumpur,Bukit Jalil,Bukit Jalil,"Bukit Jalil, Bukit Jalil, Kuala Lumpur","Lebuhraya Bukit Jalil, 57000, Kuala Lumpur",,,1650000,MYR,,,2025-08-24,,,,,,,,Freehold,,,3,4,1570,,,,,7912,Roy Yeo,,https://www.iproperty.com.my/property-agent/roy-yeo-7912#Agent-RightSideProfile,,,,,,,,,,,2025-08-25 00:01:25,,C:\Users\USER\OneDrive\Documents\pythondata\adview_iproperty_2025-08-25_00-01-03\adview_sale_residential_102466103.0.html.gz
https://www.iproperty.com.my/new-property/property/kepong/m-nova/new-6361/,,,,Myvilla Development Sdn Bhd,Kuala Lumpur,Kepong,Kepong,"Kepong, Kepong, Kuala Lumpur",,,,,,,,,,,,,,,,,,,,,,,,,,,,,,,,,,,,,,,,2025-08-25 00:01:25,,C:\Users\USER\OneDrive\Documents\pythondata\adview_iproperty_2025-08-25_00-01-03\adview_sale_residential_nan.html.gz
https://www.iproperty.com.my/property/bukit-jalil/the-park-2/sale-102466024/,102466024,,"The Park 2, Bukit Jalil",Service Residence,Kuala Lumpur,Bukit Jalil,Bukit Jalil,"Bukit Jalil, Bukit Jalil, Kuala Lumpur","Lebuhraya Bukit Jalil, 57000, Kuala Lumpur",,,730000,MYR,,,2025-08-24,,,,,,,,Freehold,,,2,1,750,,,,,7912,Roy Yeo,,https://www.iproperty.com.my/property-agent/roy-yeo-7912#Agent-RightSideProfile,,,,,,,,,,,2025-08-25 00:01:25,,C:\Users\USER\OneDrive\Documents\pythondata\adview_iproperty_2025-08-25_00-01-03\adview_sale_residential_102466024.0.html.gz
https://www.iproperty.com.my/property/cheras/sale-200227220/,200227220,,"Bandar Mahkota Cheras, Cheras",2-storey Terraced House,Selangor,Cheras,Cheras,"Cheras, Cheras, Selangor","Bandar Mahkota Cheras, 43200, Selangor",,,699000,MYR,,,2025-08-24,,,,,,,,Freehold,,,4,2,1300,,,,,13857,Kenny Lai,REN 02567,https://www.iproperty.com.my/property-agent/kenny-lai-13857#Agent-RightSideProfile,,,,,,,,,,,2025-08-25 00:01:25,,C:\Users\USER\OneDrive\Documents\pythondata\adview_iproperty_2025-08-25_00-01-03\adview_sale_residential_200227220.0.html.gz
https://www.iproperty.com.my/property/bukit-jalil/the-park-2/sale-102466096/,102466096,,"The Park 2, Bukit Jalil",Service Residence,Kuala Lumpur,Bukit Jalil,Bukit Jalil,"Bukit Jalil, Bukit Jalil, Kuala Lumpur","Lebuhraya Bukit Jalil, 57000, Kuala Lumpur",,,1400000,MYR,,,2025-08-24,,,,,,,,Freehold,,,3,4,1519,,,,,7912,Roy Yeo,,https://www.iproperty.com.my/property-agent/roy-yeo-7912#Agent-RightSideProfile,,,,,,,,,,,2025-08-25 00:01:25,,C:\Users\USER\OneDrive\Documents\pythondata\adview_iproperty_2025-08-25_00-01-03\adview_sale_residential_102466096.0.html.gz
https://www.iproperty.com.my/property/shah-alam/sale-101908190/,sale-101908190,101908190,Intermediate 2-sty terrace house for sale,2-storey Terraced House,Selangor,Shah Alam,,"Shah Alam, Selangor","Elmina, Elmina East, Shah Alam, Crista, Elmina Gardens, Elmina, 40160, Selangor",3.2100498,101.5034295,950000,MYR,351.85,2025-08-24T15:53:02.966Z,2025-08-24T15:53:02.966Z,2020-04-17T06:39:23.087Z,458.94,SQUARE_FEET,,Intermediate,Individual,Unfurnished,Freehold,,Residential,4+1,5,2700,SQUARE_FEET,2,"Parking, Jogging Track, Playground, 24-hour Security",agent,994483,Sammi Hooi,REN 01751,https://www.iproperty.com.my/property-agent/sammi-hooi-18885,https://img.iproperty.com.my/my-iproperty-agent-original/e8ya04faef66-5268-4e59-9066-6d40a8a61b4c_132x202.jpeg,+60122916821(phone); +60122916821(mobile); 60122916821(whatsapp),60122916821,sammihooi.iqi@gmail.com,IQI Realty Sdn. Bhd.,50555,agency,hello@iqirealty.com,,,2025-08-25 00:01:25,,C:\Users\USER\OneDrive\Documents\pythondata\adview_iproperty_2025-08-25_00-01-03\adview_sale_residential_101908190.0.html.gz
https://www.iproperty.com.my/new-property/property/seputeh/j-rayon-residences/new-6915/,,,,Multi Access Assets Sdn Bhd,Kuala Lumpur,Seputeh,Seputeh,"Seputeh, Seputeh, Kuala Lumpur",,,,,,,,,,,,,,,,,,,,,,,,,,,,,,,,,,,,,,,,2025-08-25 00:01:25,,C:\Users\USER\OneDrive\Documents\pythondata\adview_iproperty_2025-08-25_00-01-03\adview_sale_residential_nan.html.gz
https://www.iproperty.com.my/property/cheras/sale-200229937/,200229937,,"Bandar Mahkota Cheras, Cheras",2-storey Terraced House,Selangor,Cheras,Cheras,"Cheras, Cheras, Selangor","Bandar Mahkota Cheras, 43200, Selangor",,,499000,MYR,,,2025-08-24,,,,,,,,,,,4,3,1400,,,,,13857,Kenny Lai,REN 02567,https://www.iproperty.com.my/property-agent/kenny-lai-13857#Agent-RightSideProfile,,,,,,,,,,,2025-08-25 00:01:25,,C:\Users\USER\OneDrive\Documents\pythondata\adview_iproperty_2025-08-25_00-01-03\adview_sale_residential_200229937.0.html.gz
https://www.iproperty.com.my/property/ampang/ol-sale-200069401/,200069401,,"Pandan Indah, Ampang",2-storey Terraced House,Selangor,Ampang,Ampang,"Ampang, Ampang, Selangor","Pandan Indah, 56100, Selangor",,,780000,MYR,,,2025-08-24,,,,,,,,,,,4,3,1840,,,,,13857,Kenny Lai,REN 02567,https://www.iproperty.com.my/property-agent/kenny-lai-13857#Agent-RightSideProfile,,,,,,,,,,,2025-08-25 00:01:25,,C:\Users\USER\OneDrive\Documents\pythondata\adview_iproperty_2025-08-25_00-01-03\adview_sale_residential_200069401.0.html.gz
https://www.iproperty.com.my/property/tropicana/lumi-tropicana/sale-500056499/,500056499,,"Lumi Tropicana, Tropicana",Service Residence,Selangor,Tropicana,Tropicana,"Tropicana, Tropicana, Selangor","Persiaran Tropicana, 47800, Selangor",,,770000,MYR,,,2025-08-24,,,,,,,,,,,2,2,1084,,,,,1782861,Jackie Ho,,https://www.iproperty.com.my/property-agent/jackie-ho-1782861#Agent-RightSideProfile,,,,,,,,,,,2025-08-25 00:01:25,,C:\Users\USER\OneDrive\Documents\pythondata\adview_iproperty_2025-08-25_00-01-03\adview_sale_residential_500056499.0.html.gz
https://www.iproperty.com.my/property/bangsar/sale-108491293/,sale-108491293,108491293,"Taman Bukit Pantai, Bangsar",Bungalow,Kuala Lumpur,Bangsar,,"Bangsar, Kuala Lumpur","Taman Bukit Pantai, Taman Bukit Pantai, 59100, Kuala Lumpur",3.1240931,101.6670193,10800000,MYR,1604.52,2025-08-24T15:42:05.206Z,2025-08-24T15:42:05.206Z,2025-05-06T09:07:17.553Z,915.64,SQUARE_FEET,,Corner lot,Individual,Partially Furnished,Freehold,False,Residential,5,6,6731,SQUARE_FEET,6,,agent,2523626,Selina Chai,REN 71142,https://www.iproperty.com.my/property-agent/selina-chai-2523626,https://img.iproperty.com.my/my-iproperty-agent-original/yeqe80f9e6e3-8124-45a4-820f-29f9e246d655_323x323.png,+601162185875(phone); +601162185875(mobile); 601162185875(whatsapp),601162185875,selina.wlchai@gmail.com,Tech Real Estate (SJ) Sdn. Bhd.,50642,agency,techrealestatesj.office@gmail.com,,,2025-08-25 00:01:25,,C:\Users\USER\OneDrive\Documents\pythondata\adview_iproperty_2025-08-25_00-01-03\adview_sale_residential_108491293.0.html.gz
https://www.iproperty.com.my/property/bangsar/sale-108311969/,108311969,,"Bukit Bandaraya, Bangsar",Bungalow House,Kuala Lumpur,Bangsar,Bangsar,"Bangsar, Bangsar, Kuala Lumpur","Lorong Kemaris, Bukit Bandaraya, 59100, Kuala Lumpur",,,4600000,MYR,,,2025-08-24,,,,,,,,Freehold,,,6,5,4000,,,,,2523626,Selina Chai,,https://www.iproperty.com.my/property-agent/selina-chai-2523626#Agent-RightSideProfile,,,,,,,,,,,2025-08-25 00:01:25,,C:\Users\USER\OneDrive\Documents\pythondata\adview_iproperty_2025-08-25_00-01-03\adview_sale_residential_108311969.0.html.gz
https://www.iproperty.com.my/property/taman-tun-dr-ismail/glomac-damansara/sale-107289546/,107289546,,"Glomac Damansara, Taman Tun Dr Ismail",Service Residence,Kuala Lumpur,Taman Tun Dr Ismail,Taman Tun Dr Ismail,"Taman Tun Dr Ismail, Taman Tun Dr Ismail, Kuala Lumpur","699 Jalan Damansara, 60000, Kuala Lumpur",,,850000,MYR,,,2025-08-24,,,,,,,,Freehold,,,3,2,1150,,,,,43154,N.T.  Ng,,https://www.iproperty.com.my/property-agent/n-t-ng-43154#Agent-RightSideProfile,,,,,,,,,,,2025-08-25 00:01:25,,C:\Users\USER\OneDrive\Documents\pythondata\adview_iproperty_2025-08-25_00-01-03\adview_sale_residential_107289546.0.html.gz
https://www.iproperty.com.my/property/bangsar/ol-sale-200043127/,200043127,,"Bukit Bandaraya, Bangsar",Bungalow House,Kuala Lumpur,Bangsar,Bangsar,"Bangsar, Bangsar, Kuala Lumpur","Bukit Bandaraya, 59100, Kuala Lumpur",,,6500000,MYR,,,2025-08-24,,,,,,,,Freehold,,,6,6,6500,,,,,2523626,Selina Chai,,https://www.iproperty.com.my/property-agent/selina-chai-2523626#Agent-RightSideProfile,,,,,,,,,,,2025-08-25 00:01:25,,C:\Users\USER\OneDrive\Documents\pythondata\adview_iproperty_2025-08-25_00-01-03\adview_sale_residential_200043127.0.html.gz
https://www.iproperty.com.my/property/damansara-heights/sale-200326896/,sale-200326896,200326896,2 Storeys Semi D House Damansara Heights,Semi-Detached House,Kuala Lumpur,Damansara Heights,,"Damansara Heights, Kuala Lumpur","Damansara Heights, 50490, Kuala Lumpur",,,3850000,MYR,1100,2025-08-24T15:38:10.583Z,2025-08-24T15:38:10.583Z,2025-08-24T15:38:10.246Z,802.08,SQUARE_FEET,,,Individual,,Freehold,,Residential,4,3,3500,SQUARE_FEET,2,,agent,912234,Yuan Ling,REN 25667,https://www.iproperty.com.my/property-agent/yuan-ling-35186,https://img.iproperty.com.my/my-iproperty-agent-original/5ivj1c39e546-4a05-42c2-9fa0-0da26016b43a_193x193.jpeg,+60149233413(phone); +60149233413(mobile); 60149233413(whatsapp),60149233413,yuanling_lim@yahoo.com,Cornerstone Xstate Sdn Bhd,50213,agency,info@cornerstonerealty.com.my,,,2025-08-25 00:01:25,,C:\Users\USER\OneDrive\Documents\pythondata\adview_iproperty_2025-08-25_00-01-03\adview_sale_residential_200326896.0.html.gz
https://www.iproperty.com.my/property/desa-parkcity/south-brooks/rent-105004976/,105004976,,"South Brooks, Desa Parkcity",Condominium,Kuala Lumpur,Desa Parkcity,Desa Parkcity,"Desa Parkcity, Desa Parkcity, Kuala Lumpur","Jalan Residen Utama, 52200, Kuala Lumpur",,,6500,MYR,5.07,,2025-08-24,,,,,,,,,,,3,2,1283,,,,,2947,Sharon Lee,,https://www.iproperty.com.my/property-agent/sharon-lee-2947#Agent-RightSideProfile,,,,,,,,,,,2025-08-25 00:01:31,,C:\Users\USER\OneDrive\Documents\pythondata\adview_iproperty_2025-08-25_00-01-03\adview_rent_residential_105004976.0.html.gz
https://www.iproperty.com.my/property/bangsar/sale-107938634/,sale-107938634,107938634,"Bukit Bandaraya , Bangsar",Bungalow,Kuala Lumpur,Bangsar,,"Bangsar, Kuala Lumpur","Jalan Keruing, Bukit Bandaraya, 59100, Kuala Lumpur",3.137117,101.6685107,6000000,MYR,1500,2025-08-24T15:41:43.507Z,2025-08-24T15:41:43.507Z,2024-11-20T17:39:54.462Z,830.11,SQUARE_FEET,,Intermediate,Individual,Unfurnished,Freehold,False,Residential,5+1,4,4000,SQUARE_FEET,4,,agent,2523626,Selina Chai,REN 71142,https://www.iproperty.com.my/property-agent/selina-chai-2523626,https://img.iproperty.com.my/my-iproperty-agent-original/yeqe80f9e6e3-8124-45a4-820f-29f9e246d655_323x323.png,+601162185875(phone); +601162185875(mobile); 601162185875(whatsapp),601162185875,selina.wlchai@gmail.com,Tech Real Estate (SJ) Sdn. Bhd.,50642,agency,techrealestatesj.office@gmail.com,,,2025-08-25 00:01:25,,C:\Users\USER\OneDrive\Documents\pythondata\adview_iproperty_2025-08-25_00-01-03\adview_sale_residential_107938634.0.html.gz
https://www.iproperty.com.my/property/bangsar/bangsar-hill-park/ol-rent-200259734/,200259734,,"Bangsar Hill Park, Bangsar",Condominium,Kuala Lumpur,Bangsar,Bangsar,"Bangsar, Bangsar, Kuala Lumpur","Lorong Maarof, 59000, Kuala Lumpur",,,4000,MYR,4.09,,2025-08-24,,,,,,,,,,,2,2,978,,,,,12279,Clement Chan,,https://www.iproperty.com.my/property-agent/clement-chan-12279#Agent-RightSideProfile,,,,,,,,,,,2025-08-25 00:01:31,,C:\Users\USER\OneDrive\Documents\pythondata\adview_iproperty_2025-08-25_00-01-03\adview_rent_residential_200259734.0.html.gz
https://www.iproperty.com.my/property/kl-city-centre/banyan-tree-signatures/rent-108390167/,108390167,,"Banyan Tree Signatures, KLCC, KL City Centre",Service Residence,Kuala Lumpur,KL City Centre,KL City Centre,"KL City Centre, KL City Centre, Kuala Lumpur","Jalan Conlay, KLCC, 55100, Kuala Lumpur",,,12000,MYR,7.19,,2025-08-24,,,,,,,,,,,3,3,1668,,,,,5081,Michelle Tan,,https://www.iproperty.com.my/property-agent/michelle-tan-5081#Agent-RightSideProfile,,,,,,,,,,,2025-08-25 00:01:31,,C:\Users\USER\OneDrive\Documents\pythondata\adview_iproperty_2025-08-25_00-01-03\adview_rent_residential_108390167.0.html.gz
https://www.iproperty.com.my/property/kl-city-centre/core-residence-trx/ol-rent-200131975/,ol-rent-200131975,200131975,"Core Residence @ TRX facing TRX park, fully furnished with ID",Service Residence,Kuala Lumpur,KL City Centre,Core Residence @ TRX,"Core Residence @ TRX, KL City Centre, Kuala Lumpur","Jalan Tun Razak, The Tun Razak Exchange (TRX), 55188, Kuala Lumpur",3.141416,101.716277,8300,MYR,8.97,2025-08-24T15:19:04.324Z,2025-08-24T15:19:04.324Z,2025-07-01T08:57:44.070Z,,SQUARE_FEET,,Intermediate,Strata,,Freehold,,Commercial,2+1,2,925,SQUARE_FEET,1,"Parking, Playground, Retail Stores, Swimming Pool, 24-hour Security",agent,997513,Joanne Chen,REN 07613,https://www.iproperty.com.my/property-agent/joanne-chen-18792,https://img.iproperty.com.my/my-iproperty-agent-original/lb7h35cca4a8-b893-4977-a084-e5fdfe8f19fc_223x223.jpeg,+60126438658(phone); +60126438658(mobile); 60126438658(whatsapp),60126438658,jochencx@gmail.com,FLP REALTY SDN. BHD.,50752,agency,hqofficial88@gmail.com,,,2025-08-25 00:01:31,,C:\Users\USER\OneDrive\Documents\pythondata\adview_iproperty_2025-08-25_00-01-03\adview_rent_residential_200131975.0.html.gz
https://www.iproperty.com.my/property/kl-city-centre/trx-residences/rent-500007800/,500007800,,"TRX Residences, KL City Centre",Service Residence,Kuala Lumpur,KL City Centre,KL City Centre,"KL City Centre, KL City Centre, Kuala Lumpur","Jalan Tun Razak, 55100, Kuala Lumpur",,,6300,MYR,9.00,,2025-08-24,,,,,,,,,,,1,1,700,,,,,2965316,CY Leong,,https://www.iproperty.com.my/property-agent/cy-leong-2965316#Agent-RightSideProfile,,,,,,,,,,,2025-08-25 00:01:31,,C:\Users\USER\OneDrive\Documents\pythondata\adview_iproperty_2025-08-25_00-01-03\adview_rent_residential_500007800.0.html.gz
https://www.iproperty.com.my/property/kl-city-centre/trx-residences/rent-500009101/,500009101,,"TRX Residences, KL City Centre",Service Residence,Kuala Lumpur,KL City Centre,KL City Centre,"KL City Centre, KL City Centre, Kuala Lumpur","Jalan Tun Razak, 55100, Kuala Lumpur",,,7800,MYR,9.18,,2025-08-24,,,,,,,,,,,2,2,850,,,,,2965316,CY Leong,,https://www.iproperty.com.my/property-agent/cy-leong-2965316#Agent-RightSideProfile,,,,,,,,,,,2025-08-25 00:01:31,,C:\Users\USER\OneDrive\Documents\pythondata\adview_iproperty_2025-08-25_00-01-03\adview_rent_residential_500009101.0.html.gz
https://www.iproperty.com.my/property/kampung-kerinchi-bangsar-south/laurel-residence/ol-rent-200068859/,ol-rent-200068859,200068859,Laurel Residence @ Kampung Kerinchi (Bangsar South),Service Residence,Kuala Lumpur,Kampung Kerinchi (Bangsar South),Laurel Residence,"Laurel Residence, Kampung Kerinchi (Bangsar South), Kuala Lumpur","Jalan Pantai Permai, 59200, Kuala Lumpur",3.108608,101.666382,2500,MYR,5.05,2025-08-24T15:12:18.182Z,2025-08-24T15:12:18.182Z,2025-06-14T08:58:33.937Z,,SQUARE_FEET,,Intermediate,Strata,Fully Furnished,Leasehold,False,Residential,1+1,1,495,SQUARE_FEET,1,"BBQ, Parking, Playground, Gym, Swimming Pool, 24-hour Security, Jacuzzi, Wading Pool, Bus Stop",agent,1326000,Grace Teo,REN 63791,https://www.iproperty.com.my/property-agent/grace-teo-1326000,,+60162796566(phone); +60162796566(mobile); 60162796566(whatsapp),60162796566,ghteo62@gmail.com,GLOBAL LINK PROPERTIES (KL) SDN. BHD.,50741,agency,glpad3355@gmail.com,,,2025-08-25 00:01:31,,C:\Users\USER\OneDrive\Documents\pythondata\adview_iproperty_2025-08-25_00-01-03\adview_rent_residential_200068859.0.html.gz
https://www.iproperty.com.my/property/puchong/sky-condominium-skyz-residence/rent-108114736/,108114736,,"Sky Condominium (Skyz Residence), BANDAR PUCHONG JAYA, Puchong",Condominium,Selangor,Puchong,Puchong,"Puchong, Puchong, Selangor","Persiaran Puchong Jaya Selatan, BANDAR PUCHONG JAYA, 47100, Selangor",,,4200,MYR,2.69,,2025-08-24,,,,,,,,,,,3,4,1561,,,,,1183409,Evelyn Cheah,REN 29637,https://www.iproperty.com.my/property-agent/evelyn-cheah-1183409#Agent-RightSideProfile,,,,,,,,,,,2025-08-25 00:01:31,,C:\Users\USER\OneDrive\Documents\pythondata\adview_iproperty_2025-08-25_00-01-03\adview_rent_residential_108114736.0.html.gz
https://www.iproperty.com.my/property/cyberjaya/sejati-lakeside-2/rent-500030751/,rent-500030751,500030751,Sejati Lakeside 2 Semi-D Corner Unit in Cyberjaya,Semi-Detached House,Selangor,Cyberjaya,Sejati Lakeside 2,"Sejati Lakeside 2, Cyberjaya, Selangor","Paramount Property Gallery @ Sejati Lakeside 2   No 1 & 3, Jalan SL2/9   Sejati Lakeside 2, Cyber 10, 63000, Selangor",2.917701382924245,101.63316105396518,4500,MYR,1.88,2025-08-24T15:05:59.378Z,2025-08-24T15:05:59.378Z,2025-08-17T15:03:13.165Z,1.67,SQUARE_FEET,,Corner lot,Individual,Unfurnished,Freehold,,,4,4,2400,SQUARE_FEET,3,"Playground, Jogging Track",agent,1480805,Nelson Koh,REN 56076,https://www.iproperty.com.my/property-agent/nelson-koh-1480805,https://img.iproperty.com.my/my-iproperty-agent-original/4vno58c22c75-134e-4138-aa8f-febe6691c984_540x540.jpeg,+60193531944(phone); +60193531944(mobile); 60193531944(whatsapp),60193531944,wonderones87@gmail.com,Billion Realtors,50112,agency,billionrealtors@yahoo.com,,,2025-08-25 00:01:31,,C:\Users\USER\OneDrive\Documents\pythondata\adview_iproperty_2025-08-25_00-01-03\adview_rent_residential_500030751.0.html.gz
https://www.iproperty.com.my/property/cheras/eko-cheras/rent-200259639/,200259639,,"EkoCheras, Taman Mutiara Barat, Cheras",Service Residence,Kuala Lumpur,Cheras,Cheras,"Cheras, Cheras, Kuala Lumpur","Jalan Cheras, Taman Mutiara Barat, 56000, Kuala Lumpur",,,2800,MYR,3.41,,2025-08-24,,,,,,,,,,,2,1,821,,,,,1315049,Nicole Yeoh,,https://www.iproperty.com.my/property-agent/nicole-yeoh-1315049#Agent-RightSideProfile,,,,,,,,,,,2025-08-25 00:01:31,,C:\Users\USER\OneDrive\Documents\pythondata\adview_iproperty_2025-08-25_00-01-03\adview_rent_residential_200259639.0.html.gz
https://www.iproperty.com.my/property/jalan-kuching/duta-park-residences/ol-rent-200127131/,200127131,,"Duta Park Residences, Jalan Kuching",Service Residence,Kuala Lumpur,Jalan Kuching,Jalan Kuching,"Jalan Kuching, Jalan Kuching, Kuala Lumpur","Seksyen 48, Jalan Kolam Air, 51200, Kuala Lumpur",,,3200,MYR,3.34,,2025-08-24,,,,,,,,,,,2,2,957,,,,,962009,Aiki Yap,,https://www.iproperty.com.my/property-agent/aiki-yap-962009#Agent-RightSideProfile,,,,,,,,,,,2025-08-25 00:01:31,,C:\Users\USER\OneDrive\Documents\pythondata\adview_iproperty_2025-08-25_00-01-03\adview_rent_residential_200127131.0.html.gz
https://www.iproperty.com.my/property/cheras/eko-cheras/rent-200259618/,200259618,,"EkoCheras, Taman Mutiara Barat, Cheras",Service Residence,Kuala Lumpur,Cheras,Cheras,"Cheras, Cheras, Kuala Lumpur","Jalan Cheras, Taman Mutiara Barat, 56000, Kuala Lumpur",,,2400,MYR,3.15,,2025-08-24,,,,,,,,,,,1,1,762,,,,,1315049,Nicole Yeoh,,https://www.iproperty.com.my/property-agent/nicole-yeoh-1315049#Agent-RightSideProfile,,,,,,,,,,,2025-08-25 00:01:31,,C:\Users\USER\OneDrive\Documents\pythondata\adview_iproperty_2025-08-25_00-01-03\adview_rent_residential_200259618.0.html.gz
https://www.iproperty.com.my/property/seputeh/tria-seputeh-in-9-seputeh-kuala-lumpur/ol-rent-200310445/,200310445,,"TRIA Seputeh in 9 Seputeh, Kuala Lumpur, Seputeh",Condominium,Kuala Lumpur,Seputeh,Seputeh,"Seputeh, Seputeh, Kuala Lumpur","No.1, Jalan Telok Datok, Off Jalan Klang Lama, 58100, Kuala Lumpur",,,3000,MYR,3.93,,2025-08-24,,,,,,,,Freehold,,,2,2,764,,,,,2378457,Moo Sook Chin,,https://www.iproperty.com.my/property-agent/moo-sook-chin-2378457#Agent-RightSideProfile,,,,,,,,,,,2025-08-25 00:01:31,,C:\Users\USER\OneDrive\Documents\pythondata\adview_iproperty_2025-08-25_00-01-03\adview_rent_residential_200310445.0.html.gz
https://www.iproperty.com.my/property/mont-kiara/pavilion-hilltop/rent-200326880/,200326880,,"Pavilion Hilltop, Mont Kiara",Condominium,Kuala Lumpur,Mont Kiara,Mont Kiara,"Mont Kiara, Mont Kiara, Kuala Lumpur","Lot 67209 Jalan Kiara, 50480, Kuala Lumpur",,,6500,MYR,4.34,,2025-08-24,,,,,,,,,,,3,4,1496,,,,,1202889,Wanlu Sang,REN 59004,https://www.iproperty.com.my/property-agent/wanlu-sang-1202889#Agent-RightSideProfile,,,,,,,,,,,2025-08-25 00:01:31,,C:\Users\USER\OneDrive\Documents\pythondata\adview_iproperty_2025-08-25_00-01-03\adview_rent_residential_200326880.0.html.gz
https://www.iproperty.com.my/property/kl-city-centre/sunway-belfield/rent-200288510/,200288510,,"Sunway Belfield, Kampung Attap, KL City Centre",Service Residence,Kuala Lumpur,KL City Centre,KL City Centre,"KL City Centre, KL City Centre, Kuala Lumpur","Jalan Belfield, Kampung Attap, 50150, Kuala Lumpur",,,4700,MYR,4.54,,2025-08-24,,,,,,,,,,,3,2,1035,,,,,1133049,Josh Lee,,https://www.iproperty.com.my/property-agent/josh-lee-1133049#Agent-RightSideProfile,,,,,,,,,,,2025-08-25 00:01:31,,C:\Users\USER\OneDrive\Documents\pythondata\adview_iproperty_2025-08-25_00-01-03\adview_rent_residential_200288510.0.html.gz
https://www.iproperty.com.my/property/desa-parkcity/park-place/ol-rent-108347922/,108347922,,"Park Place, Desa Parkcity",Condominium,Kuala Lumpur,Desa Parkcity,Desa Parkcity,"Desa Parkcity, Desa Parkcity, Kuala Lumpur","Persiaran Residen, 52200, Kuala Lumpur",,,9000,MYR,6.58,,2025-08-24,,,,,,,,,,,3,2,1367,,,,,1320051,Cammie Loh,,https://www.iproperty.com.my/property-agent/cammie-loh-1320051#Agent-RightSideProfile,,,,,,,,,,,2025-08-25 00:01:31,,C:\Users\USER\OneDrive\Documents\pythondata\adview_iproperty_2025-08-25_00-01-03\adview_rent_residential_108347922.0.html.gz
https://www.iproperty.com.my/property/mont-kiara/pavilion-hilltop/rent-200326858/,200326858,,"Pavilion Hilltop, Mont Kiara",Condominium,Kuala Lumpur,Mont Kiara,Mont Kiara,"Mont Kiara, Mont Kiara, Kuala Lumpur","Lot 67209 Jalan Kiara, 50480, Kuala Lumpur",,,8000,MYR,4.37,,2025-08-24,,,,,,,,,,,4,4,1830,,,,,1202889,Wanlu Sang,REN 59004,https://www.iproperty.com.my/property-agent/wanlu-sang-1202889#Agent-RightSideProfile,,,,,,,,,,,2025-08-25 00:01:31,,C:\Users\USER\OneDrive\Documents\pythondata\adview_iproperty_2025-08-25_00-01-03\adview_rent_residential_200326858.0.html.gz
https://www.iproperty.com.my/property/jalan-kuching/duta-park-residences/ol-rent-200127075/,ol-rent-200127075,200127075,Many units on hand ,Service Residence,Kuala Lumpur,Jalan Kuching,Duta Park Residences,"Duta Park Residences, Jalan Kuching, Kuala Lumpur","Seksyen 48, Jalan Kolam Air, 51200, Kuala Lumpur",3.169965,101.686126,3000,MYR,3.13,2025-08-24T14:48:49.431Z,2025-08-24T14:48:49.431Z,2025-06-30T07:06:56.916Z,,SQUARE_FEET,,,,Fully Furnished,,,,2+1,2,957,SQUARE_FEET,2,"BBQ, Parking, Playground, Gym, Swimming Pool, 24-hour Security, Jacuzzi, Sauna",agent,962009,Aiki Yap,,,https://img.iproperty.com.my/my-iproperty-agent-original/urbge46de693-46bc-4935-bba2-fdda538d5c07_854x854.jpeg,+60104053137(phone); +60104053137(mobile); 60104053137(whatsapp),60104053137,aiki.perfecthome@gmail.com,Private Advertiser,50721,agency,info.dreamvest@gmail.com,,,2025-08-25 00:01:31,,C:\Users\USER\OneDrive\Documents\pythondata\adview_iproperty_2025-08-25_00-01-03\adview_rent_residential_200127075.0.html.gz
https://www.iproperty.com.my/property/kuchai-lama/ol-rent-108216726/,108216726,,"Taman Kuchai Jaya, Kuchai Lama",2-storey Terraced House,Kuala Lumpur,Kuchai Lama,Kuchai Lama,"Kuchai Lama, Kuchai Lama, Kuala Lumpur","Taman Kuchai Jaya, 58200, Kuala Lumpur",,,2700,MYR,1.80,,2025-08-24,,,,,,,,,,,3,3,1500,,,,,1215282,Derick Wu,,https://www.iproperty.com.my/property-agent/derick-wu-1215282#Agent-RightSideProfile,,,,,,,,,,,2025-08-25 00:01:31,,C:\Users\USER\OneDrive\Documents\pythondata\adview_iproperty_2025-08-25_00-01-03\adview_rent_residential_108216726.0.html.gz
https://www.iproperty.com.my/property/cyberjaya/sejati-lakeside-2/rent-500030684/,rent-500030684,500030684,Sejati Lakeside 2 Phase 2 Cyberjaya Freehold Semi-D Facing Lake,Semi-Detached House,Selangor,Cyberjaya,Sejati Lakeside 2,"Sejati Lakeside 2, Cyberjaya, Selangor","Paramount Property Gallery @ Sejati Lakeside 2   No 1 & 3, Jalan SL2/9   Sejati Lakeside 2, Cyber 10, 63000, Selangor",2.917701382924245,101.63316105396518,5000,MYR,1.63,2025-08-24T14:39:16.330Z,2025-08-24T14:39:16.330Z,2025-08-17T14:34:50.778Z,1.74,SQUARE_FEET,,,Individual,Unfurnished,Freehold,,,4+1,5,3059,SQUARE_FEET,3,"Jogging Track, Playground",agent,1480805,Nelson Koh,REN 56076,https://www.iproperty.com.my/property-agent/nelson-koh-1480805,https://img.iproperty.com.my/my-iproperty-agent-original/4vno58c22c75-134e-4138-aa8f-febe6691c984_540x540.jpeg,+60193531944(phone); +60193531944(mobile); 60193531944(whatsapp),60193531944,wonderones87@gmail.com,Billion Realtors,50112,agency,billionrealtors@yahoo.com,,,2025-08-25 00:01:31,,C:\Users\USER\OneDrive\Documents\pythondata\adview_iproperty_2025-08-25_00-01-03\adview_rent_residential_500030684.0.html.gz
https://www.iproperty.com.my/property/johor-bahru/sale-200268696/,200268696,,"Kempas Perindustrian Maju Jaya Detached Factory, Johor Bahru",Detached Factory,Johor,Johor Bahru,Johor Bahru,"Johor Bahru, Johor Bahru, Johor","Kempas, Tampoi, Seelong, Senai Idaman, Kulai, Senai, Skudai, Kempas Perindustrian Maju Jaya Detached Factory, 81300, Johor",,,11560000,MYR,,,2025-08-24,,267.02,SQUARE_FEET,267.02,,,,Freehold,,,,,25698,,,,,885478,Calvin Wong,,https://www.iproperty.com.my/property-agent/calvin-wong-885478#Agent-RightSideProfile,,,,,,,,,,,2025-08-25 00:01:31,,C:\Users\USER\OneDrive\Documents\pythondata\adview_iproperty_2025-08-25_00-01-03\adview_sale_commercial_200268696.0.html.gz
https://www.iproperty.com.my/property/klang/new-launch-freehold-8-min-wce-18-min-klia-banting-industrial-business-park-detached-factory/sale-200259617/,200259617,,"NEW LAUNCH | FREEHOLD | 8min WCE | 18min KLIA | BANTING INDUSTRIAL BUSINESS PARK | DETACHED FACTORY, Klang",Detached Factory,Selangor,Klang,Klang,"Klang, Klang, Selangor","Banting, Jenjarom, Olak Lempit, Pulau Carey, Port Klang, Telok Panglima Garang, Kapar, Meru, Setia Alam, Bukit Raja, Sepang, Dengkil, Sri Cheeding, Shah Alam, Kota Kemuning, Bukit Kemuning, North port, West port, Pulau Indah, 42700, Selangor",,,13100000,MYR,,,2025-08-24,,355.01,SQUARE_FEET,355.01,,,,Freehold,,,3,9,24000,,,,,24062,Vincent Tan,,https://www.iproperty.com.my/property-agent/vincent-tan-24062#Agent-RightSideProfile,,,,,,,,,,,2025-08-25 00:01:31,,C:\Users\USER\OneDrive\Documents\pythondata\adview_iproperty_2025-08-25_00-01-03\adview_sale_commercial_200259617.0.html.gz
https://www.iproperty.com.my/property/gelang-patah/sale-108027405/,sale-108027405,108027405,Avenue 68 3 Storey Shop Gelang Patah Iskandar Puteri,Shop / Office,Johor,Gelang Patah,,"Gelang Patah, Johor","Jalan Suria 5, Avenue 68, 79100, Johor",1.4557609,103.598976,2350000,MYR,478.71,2025-08-24T14:44:55.819Z,2025-08-24T14:44:55.819Z,2024-12-16T04:54:20.135Z,1398.81,SQUARE_FEET,,Intermediate,Individual,,Freehold,False,Commercial,,,4909,SQUARE_FEET,,,agent,2497972,Catherine Ong,,,,+60127026148(phone); +60127026148(mobile); 60127026148(whatsapp),60127026148,catherineong.theroof@gmail.com,Private Advertiser,50724,agency,customercare@theroofrealty.net,,,2025-08-25 00:01:31,,C:\Users\USER\OneDrive\Documents\pythondata\adview_iproperty_2025-08-25_00-01-03\adview_sale_commercial_108027405.0.html.gz
https://www.iproperty.com.my/property/kuala-pilah/sale-200310474/,200310474,,Kuala Pilah,Agricultural Land,Negeri Sembilan,Kuala Pilah,Kuala Pilah,"Kuala Pilah, Kuala Pilah, Negeri Sembilan","72500, Negeri Sembilan",,,28600000,MYR,2.98,,2025-08-24,,,,,,,,Freehold,,,,,,,,,,1672043,Iz Hakim,,https://www.iproperty.com.my/property-agent/iz-hakim-1672043#Agent-RightSideProfile,,,,,,,,,,,2025-08-25 00:01:31,,C:\Users\USER\OneDrive\Documents\pythondata\adview_iproperty_2025-08-25_00-01-03\adview_sale_commercial_200310474.0.html.gz
https://www.iproperty.com.my/new-property/property/puchong/industrial-land-16-sierra/new-6921/,,,,Lush Development Sdn Bhd,Selangor,Puchong,Puchong,"Puchong, Puchong, Selangor",,,,,,,,,,,,,,,,,,,,,,,,,,,,,,,,,,,,,,,,2025-08-25 00:01:31,,C:\Users\USER\OneDrive\Documents\pythondata\adview_iproperty_2025-08-25_00-01-03\adview_sale_commercial_nan.html.gz
https://www.iproperty.com.my/property/johor-bahru/lorong-1-jalan-storey-80000-johor-bahru/sale-500048423/,500048423,,"Lorong 1, Jalan Storey,  80000 Johor Bahru, Bukit Chagar, Johor Bahru",Commercial Land,Johor,Johor Bahru,Johor Bahru,"Johor Bahru, Johor Bahru, Johor","Lorong 1, Jalan Storey, Johor Bahru, Bukit Chagar, 80000, Johor",,,6650000,MYR,851.15,,2025-08-24,,851.15,SQUARE_FEET,851.15,,,,Freehold,,,,,,,,,,19223,Yow Han Meng,,https://www.iproperty.com.my/property-agent/yow-han-meng-19223#Agent-RightSideProfile,,,,,,,,,,,2025-08-25 00:01:31,,C:\Users\USER\OneDrive\Documents\pythondata\adview_iproperty_2025-08-25_00-01-03\adview_sale_commercial_500048423.0.html.gz
https://www.iproperty.com.my/new-property/property/johor-bahru/21-biz-hub/new-6876/,,,,UDA Land (South) Sdn Bhd,Johor,Johor Bahru,Johor Bahru,"Johor Bahru, Johor Bahru, Johor",,,,,,,,,,,,,,,,,,,,,,,,,,,,,,,,,,,,,,,,2025-08-25 00:01:31,,C:\Users\USER\OneDrive\Documents\pythondata\adview_iproperty_2025-08-25_00-01-03\adview_sale_commercial_nan.html.gz
https://www.iproperty.com.my/property/sungai-buloh/sale-200259507/,sale-200259507,200259507,Detached Warehouse for Sale @ Kg Baru Subang,Warehouse,Selangor,Sungai Buloh,,"Sungai Buloh, Selangor","Kampung Baru Subang, 40150, Selangor",,,6800000,MYR,485.71,2025-08-24T14:00:57.604Z,2025-08-24T14:00:57.604Z,2025-08-03T14:00:57.492Z,309.09,SQUARE_FEET,,,Individual,,Leasehold,,,,,14000,SQUARE_FEET,,,agent,1261230,Eric Foo,REN 37659,https://www.iproperty.com.my/property-agent/eric-foo-1261230,https://img.iproperty.com.my/my-iproperty-agent-original/4ig5918ae0af-db4a-4cd4-aacd-0c68ee99e13b_1981x1981.jpeg,+60122898720(phone); +60122898720(mobile); 60122898720(whatsapp),60122898720,ericfooprop@gmail.com,Worldtree Properties Sdn Bhd,50729,agency,worldtreeproperties@gmail.com,,,2025-08-25 00:01:31,,C:\Users\USER\OneDrive\Documents\pythondata\adview_iproperty_2025-08-25_00-01-03\adview_sale_commercial_200259507.0.html.gz
https://www.iproperty.com.my/property/shah-alam/subang-impian-seksyen-u-5-subang-2-shah-alam/sale-200278276/,200278276,,"Subang Impian,Seksyen U5,Subang 2,Shah Alam, Subang, Shah Alam",Shop-Office,Selangor,Shah Alam,Shah Alam,"Shah Alam, Shah Alam, Selangor","Subang Impian,Seksyen U5,Galaxy,Shah Alam, Subang, 40150, Selangor",,,1000000,MYR,568.18,,2025-08-24,,,,,,,,,,,,,1760,,,,,10752,Rachel Lee,REN 07255,https://www.iproperty.com.my/property-agent/rachel-lee-10752#Agent-RightSideProfile,,,,,,,,,,,2025-08-25 00:01:31,,C:\Users\USER\OneDrive\Documents\pythondata\adview_iproperty_2025-08-25_00-01-03\adview_sale_commercial_200278276.0.html.gz
https://www.iproperty.com.my/property/setia-alam/meru-setia-alam-bukit-raja-north-port-kapar-klang-aman-perdana-klang-utama/ol-sale-200205620/,ol-sale-200205620,200205620,Meru Klang Factory/Warehouse for sales 5mins to Setia Alam,Warehouse,Selangor,Setia Alam,"Meru, Setia alam, Bukit raja, north port, kapar, klang, aman perdana, klang utama","Meru, Setia alam, Bukit raja, north port, kapar, klang, aman perdana, klang utama, Setia Alam, Selangor","JALAN PERINDUSTRIAN 13/KU8, Setia Impian, 41050, Selangor",3.1017648,101.4555421,4400000,MYR,540.01,2025-08-24T12:18:33.474Z,2025-08-24T12:18:33.474Z,2025-07-20T08:04:00.652Z,,SQUARE_FEET,,Intermediate,Individual,,Freehold,,Industrial,6,6,8148,SQUARE_FEET,5,,agent,952565,Austin Chan,REN 79758,https://www.iproperty.com.my/property-agent/austin-chan-952565,https://img.iproperty.com.my/my-iproperty-agent-original/wxtjf95497b1-300a-43e0-bfef-5219ef89b855_712x712.jpeg,+60166462964(phone); +60166462964(mobile); 60166462964(whatsapp),60166462964,austinchan0109@outlook.com,THE ROOF REALTY SDN. BHD.   [ E (1) 1605/3 ],53156,agency,customercare@theroofrealty.net,,,2025-08-25 00:01:31,,C:\Users\USER\OneDrive\Documents\pythondata\adview_iproperty_2025-08-25_00-01-03\adview_sale_commercial_200205620.0.html.gz
https://www.iproperty.com.my/new-property/property/petaling-jaya/plaza-kelana-jaya-boulevard/new-5908/,,,,Glomac Segar Sdn Bhd,Selangor,Petaling Jaya,Petaling Jaya,"Petaling Jaya, Petaling Jaya, Selangor",,,,,,,,,,,,,,,,,,,,,,,,,,,,,,,,,,,,,,,,2025-08-25 00:01:31,,C:\Users\USER\OneDrive\Documents\pythondata\adview_iproperty_2025-08-25_00-01-03\adview_sale_commercial_nan.html.gz
https://www.iproperty.com.my/property/taman-tun-dr-ismail/%E2%AD%90-roi-6-2-%E2%AD%90-monthly-collected-rm-191-000-%E2%AD%90-corner-%E2%AD%90-6-min-walk-to-mrt-%E2%AD%90/sale-200258060/,200258060,,"⭐ ROI 6.2% ⭐ Monthly collected RM191,000 ⭐ CORNER ⭐ 6min walk to MRT ⭐, TTDi , SS2 , Damansara Utama ( Uptown ), Taman Tun Dr Ismail",Shop,Kuala Lumpur,Taman Tun Dr Ismail,Taman Tun Dr Ismail,"Taman Tun Dr Ismail, Taman Tun Dr Ismail, Kuala Lumpur","TTDi , SS2 , Damansara Utama ( Uptown ), 60000, Kuala Lumpur",,,37000000,MYR,1233.33,,2025-08-24,,,,,,,,Freehold,,,,,30000,,,,,1322539,Seamus Kor,,https://www.iproperty.com.my/property-agent/seamus-kor-1322539#Agent-RightSideProfile,,,,,,,,,,,2025-08-25 00:01:31,,C:\Users\USER\OneDrive\Documents\pythondata\adview_iproperty_2025-08-25_00-01-03\adview_sale_commercial_200258060.0.html.gz
https://www.iproperty.com.my/property/klang/bukit-raja-klang-setia-alam-north-port-kapar-port-klang-west-port-aman-perdana/ol-sale-200218763/,ol-sale-200218763,200218763,Land for sale in bukit raja klang Free factory,Commercial Land,Selangor,Klang,"Bukit Raja, Klang, Setia alam, North Port, Kapar, port klang, west port, Aman perdana","Bukit Raja, Klang, Setia alam, North Port, Kapar, port klang, west port, Aman perdana, Klang, Selangor","JALAN KELULI 2, Bandar Bukit Raja, 41050, Selangor",3.0758019,101.4722155,150000000,MYR,,2025-08-24T12:18:03.388Z,2025-08-24T12:18:03.388Z,2025-07-23T14:30:50.866Z,161.67,ACRES,,,Individual,,Freehold,,Industrial,,,,SQUARE_FEET,,,agent,952565,Austin Chan,REN 79758,https://www.iproperty.com.my/property-agent/austin-chan-952565,https://img.iproperty.com.my/my-iproperty-agent-original/wxtjf95497b1-300a-43e0-bfef-5219ef89b855_712x712.jpeg,+60166462964(phone); +60166462964(mobile); 60166462964(whatsapp),60166462964,austinchan0109@outlook.com,THE ROOF REALTY SDN. BHD.   [ E (1) 1605/3 ],53156,agency,customercare@theroofrealty.net,,,2025-08-25 00:01:31,,C:\Users\USER\OneDrive\Documents\pythondata\adview_iproperty_2025-08-25_00-01-03\adview_sale_commercial_200218763.0.html.gz
https://www.iproperty.com.my/property/sentul/sentul-point-shop-for-sale-with-strong-profile-tenant/sale-107530215/,sale-107530215,107530215,"Sentul Point Shop For Sale, 5.4% ROI, With Strong Profile Tenant",Shop / Office,Kuala Lumpur,Sentul,"Sentul Point Shop For Sale, WITH STRONG PROFILE TENANT","Sentul Point Shop For Sale, WITH STRONG PROFILE TENANT, Sentul, Kuala Lumpur","Jalan Sentul, Jalan Ipoh, 51000, Kuala Lumpur",3.1843246,101.6918898,1252800,MYR,400,2025-08-24T10:48:28.156Z,2025-08-24T10:48:28.156Z,2024-08-28T09:46:46.823Z,,SQUARE_FEET,,,Strata,,Freehold,,Commercial,,,3132,SQUARE_FEET,,"Parking, Business Centre, Retail Stores, 24-hour Security",agent,846211,Olivia Oon,REN 24803,https://www.iproperty.com.my/property-agent/olivia-oon-45041,https://img.iproperty.com.my/my-iproperty-agent-original/fwrv120c339a-0e14-411f-9dac-4904780a03fc_960x960.jpeg,+60126136143(phone); +60126136143(mobile),,jcsoon116@gmail.com,CID Realtors Sdn Bhd,50934,agency,admin@cid.my,,,2025-08-25 00:01:31,,C:\Users\USER\OneDrive\Documents\pythondata\adview_iproperty_2025-08-25_00-01-03\adview_sale_commercial_107530215.0.html.gz
https://www.iproperty.com.my/new-property/property/kayu-ara/glomac-centro/new-2160/,,,,Glomac Kristal Sdn Bhd,Selangor,Kayu Ara,Kayu Ara,"Kayu Ara, Kayu Ara, Selangor",,,,,,,,,,,,,,,,,,,,,,,,,,,,,,,,,,,,,,,,2025-08-25 00:01:31,,C:\Users\USER\OneDrive\Documents\pythondata\adview_iproperty_2025-08-25_00-01-03\adview_sale_commercial_nan.html.gz
https://www.iproperty.com.my/property/puchong/sale-200288010/,200288010,,Puchong,Factory,Selangor,Puchong,Puchong,"Puchong, Puchong, Selangor","47100, Selangor",,,3980000,MYR,,,2025-08-24,,497.5,SQUARE_FEET,497.5,,,,,,,,,6700,,,,,1132089,Christine Chin,,https://www.iproperty.com.my/property-agent/christine-chin-1132089#Agent-RightSideProfile,,,,,,,,,,,2025-08-25 00:01:31,,C:\Users\USER\OneDrive\Documents\pythondata\adview_iproperty_2025-08-25_00-01-03\adview_sale_commercial_200288010.0.html.gz
https://www.iproperty.com.my/property/skudai/setia-business-park-2-kempas-cluster-factory-for-sales/sale-200259024/,200259024,,"Setia Business Park 2, Kempas Cluster Factory for Sales, Skudai",Cluster Factory,Johor,Skudai,Skudai,"Skudai, Skudai, Johor","81300, Johor",,,4500000,MYR,,,2025-08-24,,432.69,SQUARE_FEET,432.69,,,,Freehold,,,,,9300,,,,,42281,Viona Yong,REN 23651,https://www.iproperty.com.my/property-agent/viona-yong-42281#Agent-RightSideProfile,,,,,,,,,,,2025-08-25 00:01:31,,C:\Users\USER\OneDrive\Documents\pythondata\adview_iproperty_2025-08-25_00-01-03\adview_sale_commercial_200259024.0.html.gz
https://www.iproperty.com.my/property/gelang-patah/ptp-port-of-tanjung-pelepas-converted-inudstrial-land-tanjung-kupang/ol-sale-200099722/,ol-sale-200099722,200099722,Converted Medium Industry Land,Industrial Land,Johor,Gelang Patah,PTP Port of Tanjung Pelepas CONVERTED Inudstrial Land Tanjung Kupang,"PTP Port of Tanjung Pelepas CONVERTED Inudstrial Land Tanjung Kupang, Gelang Patah, Johor","Leisure Farm, 81550, Johor",,,13068000,MYR,,2025-08-24T10:22:26.522Z,2025-08-24T10:22:26.522Z,2025-06-22T09:32:44.024Z,60,ACRES,,,Individual,,Freehold,False,Industrial,,,,SQUARE_FEET,,,agent,683434,Ken Kor,REN 10899,https://www.iproperty.com.my/property-agent/ken-kor-14753,https://img.iproperty.com.my/my-iproperty-agent-original/a7d33517a35f-3647-4781-900a-97727f414015_1972x1972.jpeg,+60127097221(phone); +60127097221(mobile); 60127097221(whatsapp),60127097221,wen7329951@yahoo.com,Aczeon Properties,50686,agency,enquiry.aczeon@gmail.com,,,2025-08-25 00:01:31,,C:\Users\USER\OneDrive\Documents\pythondata\adview_iproperty_2025-08-25_00-01-03\adview_sale_commercial_200099722.0.html.gz
https://www.iproperty.com.my/property/johor-bahru/sale-200257194/,sale-200257194,200257194,Good investment,Shop,Johor,Johor Bahru,,"Johor Bahru, Johor","Jalan Dataran Larkin, Taman Dataran Larkin, 80350, Johor",1.4975115,103.7428783,2000000,MYR,1298.7,2025-08-24T10:20:23.836Z,2025-08-24T10:20:23.836Z,2025-08-02T13:22:37.293Z,1298.7,SQUARE_FEET,,,Individual,,Freehold,,,,,1540,SQUARE_FEET,,,agent,831687,Jack Ching,REN 33949,https://www.iproperty.com.my/property-agent/jack-ching-40669,https://img.iproperty.com.my/my-iproperty-agent-original/i35k46850a6d-88e0-4f0f-a6ed-0f34213a3ba8_640x640.jpeg,+60167022087(phone); +60167022087(mobile); 60167022087(whatsapp),60167022087,jackcwk616@gmail.com,CEILOZ REALTY SDN BHD   [ E (1) 1981 ],52644,agency,ceilozrealtysb88@gmail.com,,,2025-08-25 00:01:31,,C:\Users\USER\OneDrive\Documents\pythondata\adview_iproperty_2025-08-25_00-01-03\adview_sale_commercial_200257194.0.html.gz
https://www.iproperty.com.my/property/kepong/laman-rimbunan-kepong/ol-sale-107194442/,107194442,,"Laman Rimbunan Kepong, laman Rimbunan Kepong, Kepong",Shop-Office,Kuala Lumpur,Kepong,Kepong,"Kepong, Kepong, Kuala Lumpur","laman Rimbunan Kepong, 52100, Kuala Lumpur",,,4500000,MYR,900.00,,2025-08-24,,,,,,,,Freehold,,,,,5000,,,,,23446,Jeffrey Ee,,https://www.iproperty.com.my/property-agent/jeffrey-ee-23446#Agent-RightSideProfile,,,,,,,,,,,2025-08-25 00:01:31,,C:\Users\USER\OneDrive\Documents\pythondata\adview_iproperty_2025-08-25_00-01-03\adview_sale_commercial_107194442.0.html.gz
https://www.iproperty.com.my/property/kota-kinabalu/ol-sale-108449752/,108449752,,"Sepanggar Kkip, Kota Kinabalu",Semi-D Factory,Sabah,Kota Kinabalu,Kota Kinabalu,"Kota Kinabalu, Kota Kinabalu, Sabah","Sepanggar, Sepanggar Kkip, 88450, Sabah",,,4580000,MYR,,,2025-08-24,,562.79,SQUARE_FEET,562.79,,,,,,,,,5251,,,,,43923,Grace Teo,REN 31339,https://www.iproperty.com.my/property-agent/grace-teo-43923#Agent-RightSideProfile,,,,,,,,,,,2025-08-25 00:01:31,,C:\Users\USER\OneDrive\Documents\pythondata\adview_iproperty_2025-08-25_00-01-03\adview_sale_commercial_108449752.0.html.gz
https://www.iproperty.com.my/property/petaling-jaya/uptown-4-storey-shop-lot/sale-108348030/,108348030,,"Uptown 4 storey Shop lot, Face Main Road, Damansara Utama Uptown Ss21, Petaling Jaya",Shop-Office,Selangor,Petaling Jaya,Petaling Jaya,"Petaling Jaya, Petaling Jaya, Selangor","Damansara Utama Jalan Ss 21, Face Main Road, Damansara Utama Uptown Ss21, 47400, Selangor",,,4800000,MYR,,,2025-08-24,,,,,,,,Freehold,,,,,6600,,,,,23446,Jeffrey Ee,,https://www.iproperty.com.my/property-agent/jeffrey-ee-23446#Agent-RightSideProfile,,,,,,,,,,,2025-08-25 00:01:31,,C:\Users\USER\OneDrive\Documents\pythondata\adview_iproperty_2025-08-25_00-01-03\adview_sale_commercial_108348030.0.html.gz
https://www.iproperty.com.my/property/subang-jaya/factory-for-sale-at-subang-hi-tech-industrial-park-batu-tiga-subang-shah-alam/sale-103081398/,sale-103081398,103081398,Semi-D factory for Sale,Semi-D factory,Selangor,Subang Jaya,"Factory For Sale At Subang Hi-Tech Industrial Park, Batu Tiga subang shah alam","Factory For Sale At Subang Hi-Tech Industrial Park, Batu Tiga subang shah alam, Subang Jaya, Selangor","shah alam, Selangor",,,4800000,MYR,738.46,2025-08-24T09:35:25.369Z,2025-08-24T09:35:25.369Z,2022-02-24T13:30:42.057Z,497.41,SQUARE_FEET,,,Individual,,Freehold,False,Industrial,,,6500,SQUARE_FEET,,,agent,1018994,Emily Lum,REN 26199,https://www.iproperty.com.my/property-agent/emily-lum-39747,https://img.iproperty.com.my/my-iproperty-agent-original/c0h7f6ca248d-f8ba-4dbb-89f4-e95325edddb8_1195x1195.png,+60172236988(phone); +60172236988(mobile); 60172236988(whatsapp),60172236988,emilylum.property@gmail.com,Starcity Property,50789,agency,admin@terrahome.com.my,,,2025-08-25 00:01:31,,C:\Users\USER\OneDrive\Documents\pythondata\adview_iproperty_2025-08-25_00-01-03\adview_sale_commercial_103081398.0.html.gz
https://www.iproperty.com.my/property/shah-alam/subang-jaya-shah-alam/sale-107026538/,107026538,,"subang jaya, shah alam, Shah Alam",Shop-Office,Selangor,Shah Alam,Shah Alam,"Shah Alam, Shah Alam, Selangor",Selangor,,,3150000,MYR,,,2025-08-24,,1086.21,SQUARE_FEET,1086.21,,,,Freehold,,,,,7000,,,,,39747,Emily Lum,,https://www.iproperty.com.my/property-agent/emily-lum-39747#Agent-RightSideProfile,,,,,,,,,,,2025-08-25 00:01:31,,C:\Users\USER\OneDrive\Documents\pythondata\adview_iproperty_2025-08-25_00-01-03\adview_sale_commercial_107026538.0.html.gz
https://www.iproperty.com.my/property/kota-damansara/%E2%AD%90-corner-%E2%AD%90-3400-sf-%E2%AD%90-facing-main-road-%E2%AD%90-one-only-%E2%AD%90-petaling-jaya/ol-rent-200102976/,200102976,,"⭐ Corner ⭐ 3400sf ⭐ Facing main road ⭐ One & only ⭐ Petaling Jaya, Dataran Sunway, Kota Damansara",Shop,Selangor,Kota Damansara,Kota Damansara,"Kota Damansara, Kota Damansara, Selangor","Dataran Sunway, 47810, Selangor",,,33000,MYR,9.71,,2025-08-24,,,,,,,,,,,,,3400,,,,,1216138,Jess Seah,,https://www.iproperty.com.my/property-agent/jess-seah-1216138#Agent-RightSideProfile,,,,,,,,,,,2025-08-25 00:01:24,,C:\Users\USER\OneDrive\Documents\pythondata\adview_iproperty_2025-08-25_00-01-03\adview_rent_commercial_200102976.0.html.gz
https://www.iproperty.com.my/property/kl-eco-city/kl-eco-city-strata-office/rent-107152778/,rent-107152778,107152778,Fully fitted office for Rent,Office,Kuala Lumpur,KL Eco City,KL Eco City Strata Office,"KL Eco City Strata Office, KL Eco City, Kuala Lumpur","3, Jalan Bangsar, KL Eco City, 59200, Kuala Lumpur",3.1208747,101.6748255,25000,MYR,5.71,2025-08-24T14:29:53.093Z,2025-08-24T14:29:53.093Z,2024-06-19T14:08:33.684Z,,SQUARE_FEET,,Corner lot,Strata,Fully Furnished,Leasehold,,Commercial,,,4381,SQUARE_FEET,,,agent,850664,Willis Chew,REN 04661,https://www.iproperty.com.my/property-agent/willis-chew-1344,https://img.iproperty.com.my/my-iproperty-agent-original/bi499e32764f-a464-47c6-8577-fa14eb906c25_588x588.jpeg,+60123930991(phone); +60123930991(mobile); 60123930991(whatsapp),60123930991,williskchew@gmail.com,Landbanc Property Sdn. Bhd.,50266,agency,admin@landbanc.com.my,,,2025-08-25 00:01:24,,C:\Users\USER\OneDrive\Documents\pythondata\adview_iproperty_2025-08-25_00-01-03\adview_rent_commercial_107152778.0.html.gz
